344;ENGRENAGEM ROLO FUSOR BROTHER MFC8890;7 - INSUMOS;21 - INSUMOS P/IMPRESSORAS LASER;3 - OUTROS;84439939;UN;Semi-acabado;Ativo;0 - Nacional;Custo Médio;31/8/2018
345;TERMISTOR BROTHER MFC8460/DCP8060 LJ1345001;7 - INSUMOS;21 - INSUMOS P/IMPRESSORAS LASER;3 - OUTROS;90251990;UN;Semi-acabado;Ativo;0 - Nacional;Custo Médio;31/8/2018
346;ROLO FUSAO SUPERIOR BROTHER 5240 TN580 8065 8085 UPPER;7 - INSUMOS;21 - INSUMOS P/IMPRESSORAS LASER;3 - OUTROS;84439939;UN;Acabado;Ativo;0 - Nacional;Custo Médio;31/8/2018
347;UNIDADE DE FUSAO BROTHER DCP8080/MFC8480/MFC8890 110V;7 - INSUMOS;21 - INSUMOS P/IMPRESSORAS LASER;3 - OUTROS;84834090;UN;Semi-acabado;Ativo;0 - Nacional;Custo Médio;31/8/2018
348;ROLO DE PRESSAO HP 1022/3050/3052/3055;7 - INSUMOS;21 - INSUMOS P/IMPRESSORAS LASER;3 - OUTROS;84439939;UN;Semi-acabado;Ativo;0 - Nacional;Custo Médio;31/8/2018
349;ROLO DE PRESSAO BROTHER HL5240/HL5250/HL5280 LOWER;7 - INSUMOS;21 - INSUMOS P/IMPRESSORAS LASER;3 - OUTROS;84439939;UN;Semi-acabado;Ativo;0 - Nacional;Custo Médio;31/8/2018
350;UNHA SEPARACAO BROTHER MFC8460/DCP8060;7 - INSUMOS;21 - INSUMOS P/IMPRESSORAS LASER;3 - OUTROS;84439939;UN;Semi-acabado;Ativo;0 - Nacional;Custo Médio;31/8/2018
351;TERMISTOR 2 BROTHER MFC8460/DCP8060/HL5250 PRETO;7 - INSUMOS;21 - INSUMOS P/IMPRESSORAS LASER;3 - OUTROS;85334011;UN;Semi-acabado;Ativo;0 - Nacional;Custo Médio;31/8/2018
352;TERMISTOR 1 BROTHER MFC8480/MFC8890/DCP8080 BRANCO;7 - INSUMOS;21 - INSUMOS P/IMPRESSORAS LASER;3 - OUTROS;90251990;UN;Semi-acabado;Ativo;0 - Nacional;Custo Médio;31/8/2018
353;ROLAMENTO ROLO FUSOR BROTHER MFC8890;7 - INSUMOS;21 - INSUMOS P/IMPRESSORAS LASER;3 - OUTROS;84439939;UN;Semi-acabado;Ativo;0 - Nacional;Custo Médio;31/8/2018
354;ROLAMENTO ROLO PRESSOR BROTHER MFC8890;7 - INSUMOS;21 - INSUMOS P/IMPRESSORAS LASER;3 - OUTROS;84439939;UN;Semi-acabado;Ativo;0 - Nacional;Custo Médio;31/8/2018
355;UNIDADE DE FUSAO BROTHER DCP8080/MFC8480/MFC8890 220V;7 - INSUMOS;21 - INSUMOS P/IMPRESSORAS LASER;3 - OUTROS;84834090;UN;Semi-acabado;Ativo;0 - Nacional;Custo Médio;31/8/2018
356;UNIDADE DE FUSAO BROTHER MFC8860/MFC8065 220V;7 - INSUMOS;21 - INSUMOS P/IMPRESSORAS LASER;3 - OUTROS;84834090;UN;Semi-acabado;Ativo;0 - Nacional;Custo Médio;31/8/2018
357;ROLO DE PRESSAO HP 1102/1132/1212/1606/1536;7 - INSUMOS;21 - INSUMOS P/IMPRESSORAS LASER;3 - OUTROS;84439939;UN;Semi-acabado;Ativo;0 - Nacional;Custo Médio;31/8/2018
358;SEPARADOR ADF BROTHER MFC8890/DCP8080;7 - INSUMOS;21 - INSUMOS P/IMPRESSORAS LASER;3 - OUTROS;84439939;UN;Semi-acabado;Ativo;0 - Nacional;Custo Médio;31/8/2018
359;ROLO DE PRESSAO HP 1120/1005/1505;7 - INSUMOS;21 - INSUMOS P/IMPRESSORAS LASER;3 - OUTROS;84439939;UN;Semi-acabado;Ativo;0 - Nacional;Custo Médio;31/8/2018
360;CILINDRO HP 12A 1010/1015 2612;7 - INSUMOS;21 - INSUMOS P/IMPRESSORAS LASER;3 - OUTROS;84439932;UN;Semi-acabado;Ativo;0 - Nacional;Custo Médio;31/8/2018
361;CILINDRO HP 35A/36A/78A/85A;7 - INSUMOS;21 - INSUMOS P/IMPRESSORAS LASER;3 - OUTROS;84439932;UN;Semi-acabado;Ativo;0 - Nacional;Custo Médio;31/8/2018
362;CILINDRO HP 49A/53A;7 - INSUMOS;21 - INSUMOS P/IMPRESSORAS LASER;3 - OUTROS;84439932;UN;Materia Prima;Ativo;0 - Nacional;Custo Médio;31/8/2018
363;CILINDRO HP 61X;7 - INSUMOS;21 - INSUMOS P/IMPRESSORAS LASER;3 - OUTROS;84439932;UN;Materia Prima;Ativo;0 - Nacional;Custo Médio;31/8/2018
364;CILINDRO HP 13A/15A/24A;7 - INSUMOS;21 - INSUMOS P/IMPRESSORAS LASER;3 - OUTROS;84439932;UN;Semi-acabado;Ativo;0 - Nacional;Custo Médio;31/8/2018
365;CILINDRO HP CB540A/CB541A/CB542A/CB543A;7 - INSUMOS;21 - INSUMOS P/IMPRESSORAS LASER;3 - OUTROS;84439933;UN;Materia Prima;Ativo;0 - Nacional;Custo Médio;31/8/2018
366;CILINDRO HP 05A 05X H-502;7 - INSUMOS;21 - INSUMOS P/IMPRESSORAS LASER;3 - OUTROS;84439932;UN;Semi-acabado;Ativo;0 - Nacional;Custo Médio;31/8/2018
367;CILINDRO HP 51A/11A;7 - INSUMOS;21 - INSUMOS P/IMPRESSORAS LASER;3 - OUTROS;84439932;UN;Materia Prima;Ativo;0 - Nacional;Custo Médio;31/8/2018
368;CILINDRO HP 55A;7 - INSUMOS;21 - INSUMOS P/IMPRESSORAS LASER;3 - OUTROS;84439932;UN;Materia Prima;Ativo;0 - Nacional;Custo Médio;31/8/2018
369;CILINDRO SAMSUNG ML-1610;7 - INSUMOS;21 - INSUMOS P/IMPRESSORAS LASER;3 - OUTROS;84439932;UN;Semi-acabado;Ativo;0 - Nacional;Custo Médio;31/8/2018
370;CILINDRO SAMSUNG ML-1710;7 - INSUMOS;21 - INSUMOS P/IMPRESSORAS LASER;3 - OUTROS;84439932;UN;Semi-acabado;Ativo;0 - Nacional;Custo Médio;31/8/2018
371;CILINDRO SAMSUNG D105S/ML2850;7 - INSUMOS;21 - INSUMOS P/IMPRESSORAS LASER;3 - OUTROS;84439932;UN;Semi-acabado;Ativo;0 - Nacional;Custo Médio;31/8/2018
372;CILINDRO LEXMARK T420/T430;7 - INSUMOS;21 - INSUMOS P/IMPRESSORAS LASER;3 - OUTROS;84439932;UN;Semi-acabado;Ativo;0 - Nacional;Custo Médio;31/8/2018
373;PO DE TONER HP UNIVERSAL;7 - INSUMOS;21 - INSUMOS P/IMPRESSORAS LASER;3 - OUTROS;37079021;KG;Materia Prima;Ativo;0 - Nacional;Custo Médio;31/8/2018
374;CILINDRO HP 92A;7 - INSUMOS;21 - INSUMOS P/IMPRESSORAS LASER;3 - OUTROS;84439932;UN;Semi-acabado;Ativo;0 - Nacional;Custo Médio;31/8/2018
376;CAIXA PAPEL PEQUENA P/TONER;7 - INSUMOS;21 - INSUMOS P/IMPRESSORAS LASER;3 - OUTROS;48191000;UN;Semi-acabado;Ativo;0 - Nacional;Custo Médio;31/8/2018
377;CAIXA PAPEL GRANDE P/TONER;7 - INSUMOS;21 - INSUMOS P/IMPRESSORAS LASER;3 - OUTROS;48191000;UN;Semi-acabado;Ativo;0 - Nacional;Custo Médio;31/8/2018
378;CILINDRO FOTOCONDUTOR BROTHER MFC8890/DCP8080;7 - INSUMOS;21 - INSUMOS P/IMPRESSORAS LASER;3 - OUTROS;84439932;UN;Semi-acabado;Ativo;0 - Nacional;Custo Médio;31/8/2018
379;CHIP SAMSUNG D104/ML1660/1661/1665/1861/1865;7 - INSUMOS;21 - INSUMOS P/IMPRESSORAS LASER;3 - OUTROS;85423991;UN;Semi-acabado;Ativo;0 - Nacional;Custo Médio;31/8/2018
380;PO DE TONER SAMSUNG ML1710/SCX4300/1020/2010;7 - INSUMOS;21 - INSUMOS P/IMPRESSORAS LASER;3 - OUTROS;37079021;GR;Materia Prima;Ativo;0 - Nacional;Custo Médio;31/8/2018
381;PO DE TONER BROTHER TN580 KATUN;7 - INSUMOS;21 - INSUMOS P/IMPRESSORAS LASER;3 - OUTROS;37079021;KG;Materia Prima;Ativo;0 - Nacional;Custo Médio;31/8/2018
382;CILINDRO SAMSUNG ML-1630/55/65 D104;7 - INSUMOS;21 - INSUMOS P/IMPRESSORAS LASER;3 - OUTROS;84439932;UN;Semi-acabado;Ativo;0 - Nacional;Custo Médio;31/8/2018
383;PELICULA FUSOR HP 36A P1505/M1120/M1522;7 - INSUMOS;21 - INSUMOS P/IMPRESSORAS LASER;3 - OUTROS;84439939;UN;Semi-acabado;Ativo;0 - Nacional;Custo Médio;31/8/2018
384;CILINDRO FOTOCONDUTOR BROTHER DR520/DR620;7 - INSUMOS;21 - INSUMOS P/IMPRESSORAS LASER;3 - OUTROS;84439932;UN;Semi-acabado;Ativo;0 - Nacional;Custo Médio;31/8/2018
385;CHIP SAMSUNG D101;7 - INSUMOS;21 - INSUMOS P/IMPRESSORAS LASER;3 - OUTROS;85423991;UN;Semi-acabado;Ativo;0 - Nacional;Custo Médio;31/8/2018
386;CILINDRO SAMSUNG D101/D111;7 - INSUMOS;21 - INSUMOS P/IMPRESSORAS LASER;3 - OUTROS;84439932;UN;Semi-acabado;Ativo;0 - Nacional;Custo Médio;31/8/2018
387;CHIP SAMSUNG D111S/2020/2070/2022;7 - INSUMOS;21 - INSUMOS P/IMPRESSORAS LASER;3 - OUTROS;84439939;UN;Semi-acabado;Ativo;0 - Nacional;Custo Médio;31/8/2018
388;CILINDRO HP 26X H702X;7 - INSUMOS;21 - INSUMOS P/IMPRESSORAS LASER;3 - OUTROS;84439932;UN;Materia Prima;Ativo;0 - Nacional;Custo Médio;31/8/2018
389;CILINDRO HP 26A H703A;7 - INSUMOS;21 - INSUMOS P/IMPRESSORAS LASER;3 - OUTROS;84439932;UN;Materia Prima;Ativo;0 - Nacional;Custo Médio;31/8/2018
390;CILINDRO HP 82X;7 - INSUMOS;21 - INSUMOS P/IMPRESSORAS LASER;3 - OUTROS;84439932;UN;Semi-acabado;Ativo;0 - Nacional;Custo Médio;31/8/2018
391;CHIP SAMSUNG D105 1910/SCX4600;7 - INSUMOS;21 - INSUMOS P/IMPRESSORAS LASER;3 - OUTROS;85423991;UN;Semi-acabado;Ativo;0 - Nacional;Custo Médio;31/8/2018
392;CILINDRO BROTHER DR420/450 / 2340;7 - INSUMOS;21 - INSUMOS P/IMPRESSORAS LASER;3 - OUTROS;84439932;UN;Semi-acabado;Ativo;0 - Nacional;Custo Médio;31/8/2018
393;CILINDRO FOTOCONDUTOR DR720/820/3440;7 - INSUMOS;21 - INSUMOS P/IMPRESSORAS LASER;3 - OUTROS;84439932;UN;Semi-acabado;Ativo;0 - Nacional;Custo Médio;31/8/2018
394;TINTA OCP 126 MAGENTA;7 - INSUMOS;20 - INSUMOS P/IMPRESSORAS JATO DE TINTA;3 - OUTROS;32151900;LT;Materia Prima;Ativo;0 - Nacional;Custo Médio;31/8/2018
395;TINTA OCP 126 CIANO;7 - INSUMOS;20 - INSUMOS P/IMPRESSORAS JATO DE TINTA;3 - OUTROS;32151900;LT;Materia Prima;Ativo;0 - Nacional;Custo Médio;31/8/2018
396;TINTA OCP 126 YELLOW;7 - INSUMOS;20 - INSUMOS P/IMPRESSORAS JATO DE TINTA;3 - OUTROS;32151900;LT;Materia Prima;Ativo;0 - Nacional;Custo Médio;31/8/2018
397;TINTA OCP BKP 89 PRETA;7 - INSUMOS;20 - INSUMOS P/IMPRESSORAS JATO DE TINTA;3 - OUTROS;32151100;ML;Materia Prima;Ativo;0 - Nacional;Custo Médio;31/8/2018
398;TINTA UNISERV CIANO;7 - INSUMOS;20 - INSUMOS P/IMPRESSORAS JATO DE TINTA;3 - OUTROS;32151900;ML;Materia Prima;Ativo;0 - Nacional;Custo Médio;31/8/2018
399;TINTA UNISERV HP 8100/8600 PRETA;7 - INSUMOS;20 - INSUMOS P/IMPRESSORAS JATO DE TINTA;3 - OUTROS;32151900;LT;Acabado;Ativo;0 - Nacional;Custo Médio;31/8/2018
400;TINTA UNISERV MAGENTA;7 - INSUMOS;20 - INSUMOS P/IMPRESSORAS JATO DE TINTA;3 - OUTROS;32151900;ML;Materia Prima;Ativo;0 - Nacional;Custo Médio;31/8/2018
401;TINTA UNISERV CANON CIANO;7 - INSUMOS;20 - INSUMOS P/IMPRESSORAS JATO DE TINTA;3 - OUTROS;32151900;ML;Materia Prima;Ativo;0 - Nacional;Custo Médio;31/8/2018
402;TINTA UNISERV CANON MAGENTA;7 - INSUMOS;20 - INSUMOS P/IMPRESSORAS JATO DE TINTA;3 - OUTROS;32151900;ML;Materia Prima;Ativo;0 - Nacional;Custo Médio;31/8/2018
403;TINTA UNISERV CANON YELLOW;7 - INSUMOS;20 - INSUMOS P/IMPRESSORAS JATO DE TINTA;3 - OUTROS;32151900;ML;Materia Prima;Ativo;0 - Nacional;Custo Médio;31/8/2018
404;CLIP SILICONE NOMIX 3000;7 - INSUMOS;20 - INSUMOS P/IMPRESSORAS JATO DE TINTA;3 - OUTROS;40012920;UN;Semi-acabado;Ativo;0 - Nacional;Custo Médio;31/8/2018
405;CILINDRO LEXMARK E230/X340/X342;7 - INSUMOS;21 - INSUMOS P/IMPRESSORAS LASER;3 - OUTROS;84439932;UN;Semi-acabado;Ativo;0 - Nacional;Custo Médio;31/8/2018
406;TINTA OCP BKP 81 PRETA;7 - INSUMOS;20 - INSUMOS P/IMPRESSORAS JATO DE TINTA;3 - OUTROS;32151100;LT;Materia Prima;Ativo;0 - Nacional;Custo Médio;31/8/2018
443;CAIXA ARQUIVO MORTO DE PAPEL;9 - PRODUTOS P/CONSUMO INTERNO;24 - MATERIAL DE EXPEDIENTE;3 - OUTROS;99999999;UN;Material de Consumo;Ativo;0 - Nacional;Custo Médio;1/9/2018
444;PAPEL TOALHA BRANCO ROLO;9 - PRODUTOS P/CONSUMO INTERNO;25 - MATERIAL LIMPEZA E HIGIENE;3 - OUTROS;99999999;UN;Material de Consumo;Ativo;0 - Nacional;Custo Médio;1/9/2018
445;SACO LIXO 100L;9 - PRODUTOS P/CONSUMO INTERNO;25 - MATERIAL LIMPEZA E HIGIENE;3 - OUTROS;99999999;UN;Material de Consumo;Ativo;0 - Nacional;Custo Médio;1/9/2018
446;PAPEL TOALHA BANHEIRO INTER FOLHADA;9 - PRODUTOS P/CONSUMO INTERNO;25 - MATERIAL LIMPEZA E HIGIENE;3 - OUTROS;99999999;PCT;Material de Consumo;Ativo;0 - Nacional;Custo Médio;1/9/2018
447;FITA ADESIVA EXPEDIENTE 45M;9 - PRODUTOS P/CONSUMO INTERNO;24 - MATERIAL DE EXPEDIENTE;3 - OUTROS;99999999;UN;Material de Consumo;Ativo;0 - Nacional;Custo Médio;1/9/2018
448;ETIQUETA PIMACO EXPEDIENTE 6180;9 - PRODUTOS P/CONSUMO INTERNO;24 - MATERIAL DE EXPEDIENTE;3 - OUTROS;99999999;PCT;Material de Consumo;Ativo;0 - Nacional;Custo Médio;1/9/2018
451;SACO LIXO 20L;9 - PRODUTOS P/CONSUMO INTERNO;25 - MATERIAL LIMPEZA E HIGIENE;3 - OUTROS;99999999;UN;Material de Consumo;Ativo;0 - Nacional;Custo Médio;1/9/2018
452;BOBINA P/RELOGIO PONTO 56X1 58MM;9 - PRODUTOS P/CONSUMO INTERNO;24 - MATERIAL DE EXPEDIENTE;3 - OUTROS;99999999;UN;Material de Consumo;Ativo;0 - Nacional;Custo Médio;1/9/2018
453;LUBRIFICANTE WURTH HHS FINE 200ML;9 - PRODUTOS P/CONSUMO INTERNO;26 - MATERIAL DE PRODUÇAO;3 - OUTROS;99999999;UN;Material de Consumo;Ativo;0 - Nacional;Custo Médio;1/9/2018
454;FITA ISOLANTE PRETA 20MT;9 - PRODUTOS P/CONSUMO INTERNO;26 - MATERIAL DE PRODUÇAO;3 - OUTROS;99999999;UN;Material de Consumo;Ativo;0 - Nacional;Custo Médio;1/9/2018
455;SACO LIXO 200 LT;9 - PRODUTOS P/CONSUMO INTERNO;25 - MATERIAL LIMPEZA E HIGIENE;3 - OUTROS;99999999;UN;Material de Consumo;Ativo;0 - Nacional;Custo Médio;1/9/2018
456;SACO LIXO 40L;9 - PRODUTOS P/CONSUMO INTERNO;25 - MATERIAL LIMPEZA E HIGIENE;3 - OUTROS;99999999;UN;Material de Consumo;Ativo;0 - Nacional;Custo Médio;1/9/2018
457;ALICATE DE CORTE TESOURA;9 - PRODUTOS P/CONSUMO INTERNO;26 - MATERIAL DE PRODUÇAO;3 - OUTROS;99999999;UN;Material de Consumo;Ativo;0 - Nacional;Custo Médio;1/9/2018
458;SERINGA DESCARTAVEL 60ML;9 - PRODUTOS P/CONSUMO INTERNO;26 - MATERIAL DE PRODUÇAO;3 - OUTROS;99999999;UN;Material de Consumo;Ativo;0 - Nacional;Custo Médio;1/9/2018
459;CALCULADORA DE MESA EXPEDIENTE;9 - PRODUTOS P/CONSUMO INTERNO;24 - MATERIAL DE EXPEDIENTE;3 - OUTROS;84701000;UN;Material de Consumo;Ativo;0 - Nacional;Custo Médio;1/9/2018
460;COPO DESCARTAVEL 180ML C/100;9 - PRODUTOS P/CONSUMO INTERNO;24 - MATERIAL DE EXPEDIENTE;3 - OUTROS;99999999;PCT;Material de Consumo;Ativo;0 - Nacional;Custo Médio;1/9/2018
461;CORRETIVO EXPEDIENTE;9 - PRODUTOS P/CONSUMO INTERNO;24 - MATERIAL DE EXPEDIENTE;3 - OUTROS;99999999;UN;Material de Consumo;Ativo;0 - Nacional;Custo Médio;1/9/2018
463;GRAMPEADOR EXPEDIETE;9 - PRODUTOS P/CONSUMO INTERNO;24 - MATERIAL DE EXPEDIENTE;3 - OUTROS;99999999;UN;Material de Consumo;Ativo;0 - Nacional;Custo Médio;1/9/2018
464;GRAMPO 26/6 EXPEDIENTE;9 - PRODUTOS P/CONSUMO INTERNO;24 - MATERIAL DE EXPEDIENTE;3 - OUTROS;99999999;UN;Material de Consumo;Ativo;0 - Nacional;Custo Médio;1/9/2018
466;PASTA SUSPENSA EXPEDIENTE;9 - PRODUTOS P/CONSUMO INTERNO;24 - MATERIAL DE EXPEDIENTE;3 - OUTROS;99999999;UN;Material de Consumo;Ativo;0 - Nacional;Custo Médio;1/9/2018
467;TESOURA EXPEDIENTE;9 - PRODUTOS P/CONSUMO INTERNO;24 - MATERIAL DE EXPEDIENTE;3 - OUTROS;99999999;UN;Material de Consumo;Ativo;0 - Nacional;Custo Médio;1/9/2018
468;FITA DUPLA FACE EXPEDIENTE;9 - PRODUTOS P/CONSUMO INTERNO;26 - MATERIAL DE PRODUÇAO;3 - OUTROS;99999999;UN;Material de Consumo;Ativo;0 - Nacional;Custo Médio;1/9/2018
469;SACOLA PLASTICA UNISERV 20X30 PEQUENA;9 - PRODUTOS P/CONSUMO INTERNO;24 - MATERIAL DE EXPEDIENTE;3 - OUTROS;99999999;UN;Material de Consumo;Ativo;0 - Nacional;Custo Médio;1/9/2018
470;ESTOPA DE POLIMENTO WURTH;9 - PRODUTOS P/CONSUMO INTERNO;26 - MATERIAL DE PRODUÇAO;3 - OUTROS;99999999;UN;Material de Consumo;Ativo;0 - Nacional;Custo Médio;1/9/2018
471;MOLHA DEDO EXPEDIENTE;9 - PRODUTOS P/CONSUMO INTERNO;24 - MATERIAL DE EXPEDIENTE;3 - OUTROS;99999999;UN;Material de Consumo;Ativo;0 - Nacional;Custo Médio;1/9/2018
472;ENVELOPE SACO BRANCO;9 - PRODUTOS P/CONSUMO INTERNO;24 - MATERIAL DE EXPEDIENTE;3 - OUTROS;99999999;UN;Material de Consumo;Ativo;0 - Nacional;Custo Médio;1/9/2018
473;EXTRATOR DE GRAMPO;9 - PRODUTOS P/CONSUMO INTERNO;24 - MATERIAL DE EXPEDIENTE;3 - OUTROS;99999999;UN;Material de Consumo;Ativo;0 - Nacional;Custo Médio;1/9/2018
474;CANETA MARCA TEXTO;9 - PRODUTOS P/CONSUMO INTERNO;24 - MATERIAL DE EXPEDIENTE;3 - OUTROS;99999999;UN;Material de Consumo;Ativo;0 - Nacional;Custo Médio;1/9/2018
475;BORRACHA BRANCA EXPEDIENTE;9 - PRODUTOS P/CONSUMO INTERNO;24 - MATERIAL DE EXPEDIENTE;3 - OUTROS;99999999;UN;Material de Consumo;Ativo;0 - Nacional;Custo Médio;1/9/2018
476;CANETA ESFEROGRAFICA PRETA;9 - PRODUTOS P/CONSUMO INTERNO;24 - MATERIAL DE EXPEDIENTE;3 - OUTROS;99999999;UN;Material de Consumo;Ativo;0 - Nacional;Custo Médio;1/9/2018
477;CANETA ESFEROGRAFICA VERMELHA;9 - PRODUTOS P/CONSUMO INTERNO;24 - MATERIAL DE EXPEDIENTE;3 - OUTROS;99999999;UN;Material de Consumo;Ativo;0 - Nacional;Custo Médio;1/9/2018
478;CANETA ESFEROGRAFICA AZUL;9 - PRODUTOS P/CONSUMO INTERNO;24 - MATERIAL DE EXPEDIENTE;3 - OUTROS;99999999;UN;Material de Consumo;Ativo;0 - Nacional;Custo Médio;1/9/2018
479;CLIP GALVANIZADO REF. 2/0 CX C/100;9 - PRODUTOS P/CONSUMO INTERNO;24 - MATERIAL DE EXPEDIENTE;3 - OUTROS;99999999;CX;Material de Consumo;Ativo;0 - Nacional;Custo Médio;1/9/2018
480;PAPEL PARDO P/PACOTE - ROLO;9 - PRODUTOS P/CONSUMO INTERNO;24 - MATERIAL DE EXPEDIENTE;3 - OUTROS;99999999;ROLO;Material de Consumo;Ativo;0 - Nacional;Custo Médio;1/9/2018
481;AGULHA ABOCATH;9 - PRODUTOS P/CONSUMO INTERNO;26 - MATERIAL DE PRODUÇAO;3 - OUTROS;99999999;UN;Material de Consumo;Ativo;0 - Nacional;Custo Médio;1/9/2018
482;PLASTICO EMBALAGEM TRANSPARENTE - ROLO;9 - PRODUTOS P/CONSUMO INTERNO;26 - MATERIAL DE PRODUÇAO;3 - OUTROS;99999999;ROLO;Material de Consumo;Ativo;0 - Nacional;Custo Médio;1/9/2018
483;CERA LIMPADORA WURTH 200G;9 - PRODUTOS P/CONSUMO INTERNO;26 - MATERIAL DE PRODUÇAO;3 - OUTROS;99999999;UN;Material de Consumo;Ativo;0 - Nacional;Custo Médio;1/9/2018
484;UNIDADE DE FUSAO BROTHER 127V HL 5102;7 - INSUMOS;21 - INSUMOS P/IMPRESSORAS LASER;3 - OUTROS;84439939;UN;Semi-acabado;Ativo;0 - Nacional;Custo Médio;1/9/2018
485;PAPEL TOALHA  ROLO 200M;9 - PRODUTOS P/CONSUMO INTERNO;25 - MATERIAL LIMPEZA E HIGIENE;3 - OUTROS;99999999;ROLO;Material de Consumo;Ativo;0 - Nacional;Custo Médio;1/9/2018
486;PROTETOR AUDITIVO TIPO CONCHA;9 - PRODUTOS P/CONSUMO INTERNO;26 - MATERIAL DE PRODUÇAO;3 - OUTROS;99999999;UN;Material de Consumo;Ativo;0 - Nacional;Custo Médio;1/9/2018
487;PROTETOR AURICULAR DE SILICONE;9 - PRODUTOS P/CONSUMO INTERNO;26 - MATERIAL DE PRODUÇAO;3 - OUTROS;99999999;UN;Material de Consumo;Ativo;0 - Nacional;Custo Médio;1/9/2018
488;PLASTICO FILME PVC ESTICAVEL 60CM;9 - PRODUTOS P/CONSUMO INTERNO;26 - MATERIAL DE PRODUÇAO;3 - OUTROS;39204390;M;Materia Prima;Ativo;0 - Nacional;Custo Médio;1/9/2018
489;SERRA AR MANUAL SIMPLES;9 - PRODUTOS P/CONSUMO INTERNO;26 - MATERIAL DE PRODUÇAO;3 - OUTROS;99999999;UN;Material de Consumo;Ativo;0 - Nacional;Custo Médio;1/9/2018
490;VEJA MULTIUSO 500ML;9 - PRODUTOS P/CONSUMO INTERNO;25 - MATERIAL LIMPEZA E HIGIENE;3 - OUTROS;99999999;UN;Material de Consumo;Ativo;0 - Nacional;Custo Médio;1/9/2018
491;AGUA MINERAL SEM GAS 20 LITROS;9 - PRODUTOS P/CONSUMO INTERNO;24 - MATERIAL DE EXPEDIENTE;3 - OUTROS;99999999;UN;Material de Consumo;Ativo;0 - Nacional;Custo Médio;1/9/2018
492;FITA DUREX 12X30;9 - PRODUTOS P/CONSUMO INTERNO;24 - MATERIAL DE EXPEDIENTE;3 - OUTROS;99999999;UN;Material de Consumo;Ativo;0 - Nacional;Custo Médio;1/9/2018
493;COLA ESCOLAR 90G;9 - PRODUTOS P/CONSUMO INTERNO;24 - MATERIAL DE EXPEDIENTE;3 - OUTROS;99999999;UN;Material de Consumo;Ativo;0 - Nacional;Custo Médio;1/9/2018
494;SABAO EM BARRA;9 - PRODUTOS P/CONSUMO INTERNO;25 - MATERIAL LIMPEZA E HIGIENE;3 - OUTROS;99999999;UN;Material de Consumo;Ativo;0 - Nacional;Custo Médio;1/9/2018
495;LAPIS PRETO;9 - PRODUTOS P/CONSUMO INTERNO;24 - MATERIAL DE EXPEDIENTE;3 - OUTROS;99999999;UN;Material de Consumo;Ativo;0 - Nacional;Custo Médio;1/9/2018
496;ESPONJA DE LIMPEZA COZINHA;9 - PRODUTOS P/CONSUMO INTERNO;25 - MATERIAL LIMPEZA E HIGIENE;3 - OUTROS;99999999;UN;Material de Consumo;Ativo;0 - Nacional;Custo Médio;1/9/2018
497;GRAFITE 0.7;9 - PRODUTOS P/CONSUMO INTERNO;24 - MATERIAL DE EXPEDIENTE;3 - OUTROS;99999999;UN;Material de Consumo;Ativo;0 - Nacional;Custo Médio;1/9/2018
498;GRAFITE 0.5;9 - PRODUTOS P/CONSUMO INTERNO;24 - MATERIAL DE EXPEDIENTE;3 - OUTROS;99999999;UN;Material de Consumo;Ativo;0 - Nacional;Custo Médio;1/9/2018
499;PINCEL CHATO 2;9 - PRODUTOS P/CONSUMO INTERNO;24 - MATERIAL DE EXPEDIENTE;3 - OUTROS;99999999;UN;Material de Consumo;Ativo;0 - Nacional;Custo Médio;1/9/2018
500;SABONETE LIQUIDO;9 - PRODUTOS P/CONSUMO INTERNO;25 - MATERIAL LIMPEZA E HIGIENE;3 - OUTROS;99999999;LT;Material de Consumo;Ativo;0 - Nacional;Custo Médio;1/9/2018
501;MARCADOR QUADRO BRANCO;9 - PRODUTOS P/CONSUMO INTERNO;24 - MATERIAL DE EXPEDIENTE;3 - OUTROS;99999999;UN;Material de Consumo;Ativo;0 - Nacional;Custo Médio;1/9/2018
502;TINTA PARA CARIMBO PRETA;9 - PRODUTOS P/CONSUMO INTERNO;24 - MATERIAL DE EXPEDIENTE;3 - OUTROS;99999999;UN;Material de Consumo;Ativo;0 - Nacional;Custo Médio;1/9/2018
503;MARCADOR DE TEXTO;9 - PRODUTOS P/CONSUMO INTERNO;24 - MATERIAL DE EXPEDIENTE;3 - OUTROS;99999999;UN;Material de Consumo;Ativo;0 - Nacional;Custo Médio;1/9/2018
504;ESTILETE ESTREITO;9 - PRODUTOS P/CONSUMO INTERNO;24 - MATERIAL DE EXPEDIENTE;3 - OUTROS;99999999;UN;Material de Consumo;Ativo;0 - Nacional;Custo Médio;1/9/2018
505;ETIQUETA PIMACO EXPEDIENTE TP 12 VM;9 - PRODUTOS P/CONSUMO INTERNO;24 - MATERIAL DE EXPEDIENTE;3 - OUTROS;99999999;PCT;Material de Consumo;Ativo;0 - Nacional;Custo Médio;1/9/2018
506;SOLVENTE TINNER 2900;9 - PRODUTOS P/CONSUMO INTERNO;26 - MATERIAL DE PRODUÇAO;3 - OUTROS;99999999;LT;Material de Consumo;Ativo;0 - Nacional;Custo Médio;1/9/2018
507;ETIQUETA PIMACO EXPEDIENTE TP 12 VD;9 - PRODUTOS P/CONSUMO INTERNO;24 - MATERIAL DE EXPEDIENTE;3 - OUTROS;99999999;PCT;Material de Consumo;Ativo;0 - Nacional;Custo Médio;1/9/2018
508;SACOLA PLASTICA BRANCA GRANDE;9 - PRODUTOS P/CONSUMO INTERNO;24 - MATERIAL DE EXPEDIENTE;3 - OUTROS;99999999;UN;Material de Consumo;Ativo;0 - Nacional;Custo Médio;1/9/2018
509;SACOLA PLASTICA BRANCA MEDIA;9 - PRODUTOS P/CONSUMO INTERNO;24 - MATERIAL DE EXPEDIENTE;3 - OUTROS;99999999;UN;Material de Consumo;Ativo;0 - Nacional;Custo Médio;1/9/2018
510;ETIQUETA PIMACO EXPEDIENTE TP 19 VM;9 - PRODUTOS P/CONSUMO INTERNO;24 - MATERIAL DE EXPEDIENTE;3 - OUTROS;99999999;PCT;Material de Consumo;Ativo;0 - Nacional;Custo Médio;1/9/2018
511;FITA ISOLANTE LIQUIDA 6500 50G;9 - PRODUTOS P/CONSUMO INTERNO;26 - MATERIAL DE PRODUÇAO;3 - OUTROS;99999999;UN;Material de Consumo;Ativo;0 - Nacional;Custo Médio;1/9/2018
512;BATERIA 9V;9 - PRODUTOS P/CONSUMO INTERNO;26 - MATERIAL DE PRODUÇAO;3 - OUTROS;99999999;UN;Material de Consumo;Ativo;0 - Nacional;Custo Médio;1/9/2018
513;DETERGENTE LIQUIDO DE LOUCAS 500ML;9 - PRODUTOS P/CONSUMO INTERNO;25 - MATERIAL LIMPEZA E HIGIENE;3 - OUTROS;99999999;LT;Material de Consumo;Ativo;0 - Nacional;Custo Médio;1/9/2018
514;TALCO PARA TONERS;9 - PRODUTOS P/CONSUMO INTERNO;26 - MATERIAL DE PRODUÇAO;3 - OUTROS;99999999;UN;Material de Consumo;Ativo;0 - Nacional;Custo Médio;1/9/2018
515;PEDRA DESINFETANTE P/VASO SANITARIO;9 - PRODUTOS P/CONSUMO INTERNO;25 - MATERIAL LIMPEZA E HIGIENE;3 - OUTROS;99999999;UN;Material de Consumo;Ativo;0 - Nacional;Custo Médio;1/9/2018
516;ALCOOL P/LIMPEZA;9 - PRODUTOS P/CONSUMO INTERNO;25 - MATERIAL LIMPEZA E HIGIENE;3 - OUTROS;99999999;LT;Material de Consumo;Ativo;0 - Nacional;Custo Médio;1/9/2018
517;ATILIOS (BORRACHINHAS) C/100;9 - PRODUTOS P/CONSUMO INTERNO;24 - MATERIAL DE EXPEDIENTE;3 - OUTROS;99999999;PCT;Material de Consumo;Ativo;0 - Nacional;Custo Médio;1/9/2018
518;SERINGA DESCARTAVEL 20ML;9 - PRODUTOS P/CONSUMO INTERNO;26 - MATERIAL DE PRODUÇAO;3 - OUTROS;99999999;UN;Material de Consumo;Ativo;0 - Nacional;Custo Médio;1/9/2018
519;GRAXA COMUM;9 - PRODUTOS P/CONSUMO INTERNO;26 - MATERIAL DE PRODUÇAO;3 - OUTROS;99999999;KG;Material de Consumo;Ativo;0 - Nacional;Custo Médio;1/9/2018
520;BASTAO DE COLA QUENTE 11,2X30CM;9 - PRODUTOS P/CONSUMO INTERNO;26 - MATERIAL DE PRODUÇAO;3 - OUTROS;99999999;PCT;Material de Consumo;Ativo;0 - Nacional;Custo Médio;1/9/2018
521;REMOVEDOR DE FERRUGEM WURTH 250ML;9 - PRODUTOS P/CONSUMO INTERNO;26 - MATERIAL DE PRODUÇAO;3 - OUTROS;99999999;UN;Material de Consumo;Ativo;0 - Nacional;Custo Médio;1/9/2018
522;ULTRA MAX CLEANER 01 LITRO;9 - PRODUTOS P/CONSUMO INTERNO;26 - MATERIAL DE PRODUÇAO;3 - OUTROS;99999999;LT;Material de Consumo;Ativo;0 - Nacional;Custo Médio;1/9/2018
523;TINTA HP XPRO 476 CIANO PIGMENTADA;7 - INSUMOS;20 - INSUMOS P/IMPRESSORAS JATO DE TINTA;3 - OUTROS;32151900;ML;Materia Prima;Ativo;0 - Nacional;Custo Médio;1/9/2018
524;TINTA HP XPRO 476 MAGENTA PIGMENTADA;7 - INSUMOS;20 - INSUMOS P/IMPRESSORAS JATO DE TINTA;3 - OUTROS;32151900;ML;Materia Prima;Ativo;0 - Nacional;Custo Médio;1/9/2018
525;TINTA HP XPRO 476 PRETA PIGMENTADA;7 - INSUMOS;20 - INSUMOS P/IMPRESSORAS JATO DE TINTA;3 - OUTROS;32151100;ML;Materia Prima;Ativo;0 - Nacional;Custo Médio;1/9/2018
526;TINTA HP XPRO 476 YELLOW PIGMENTADA;7 - INSUMOS;20 - INSUMOS P/IMPRESSORAS JATO DE TINTA;3 - OUTROS;32151900;ML;Materia Prima;Ativo;0 - Nacional;Custo Médio;1/9/2018
527;ETIQUETA PIMACO EXPEDIENTE TP 19 VD;9 - PRODUTOS P/CONSUMO INTERNO;24 - MATERIAL DE EXPEDIENTE;3 - OUTROS;99999999;PCT;Material de Consumo;Ativo;0 - Nacional;Custo Médio;1/9/2018
528;SORO FISIOLOGICO 01 LITRO;9 - PRODUTOS P/CONSUMO INTERNO;26 - MATERIAL DE PRODUÇAO;3 - OUTROS;99999999;LT;Material de Consumo;Ativo;0 - Nacional;Custo Médio;1/9/2018
529;COLA SUPER BONDER GEL;9 - PRODUTOS P/CONSUMO INTERNO;26 - MATERIAL DE PRODUÇAO;3 - OUTROS;99999999;UN;Material de Consumo;Ativo;0 - Nacional;Custo Médio;1/9/2018
530;ESPONJA GRANDE TONER;9 - PRODUTOS P/CONSUMO INTERNO;26 - MATERIAL DE PRODUÇAO;3 - OUTROS;99999999;UN;Material de Consumo;Ativo;0 - Nacional;Custo Médio;1/9/2018
531;FLANELA LARANJA PEQUENA;9 - PRODUTOS P/CONSUMO INTERNO;25 - MATERIAL LIMPEZA E HIGIENE;3 - OUTROS;99999999;UN;Material de Consumo;Ativo;0 - Nacional;Custo Médio;1/9/2018
532;FLANELA MICROFIBRA;9 - PRODUTOS P/CONSUMO INTERNO;25 - MATERIAL LIMPEZA E HIGIENE;3 - OUTROS;99999999;UN;Material de Consumo;Ativo;0 - Nacional;Custo Médio;1/9/2018
533;PARAFUSO CABECA CHATA 3,0X14 C/100;9 - PRODUTOS P/CONSUMO INTERNO;26 - MATERIAL DE PRODUÇAO;3 - OUTROS;99999999;CX;Material de Consumo;Ativo;0 - Nacional;Custo Médio;1/9/2018
534;AROMATIZANTE DE AMBIENTE KANGOO;9 - PRODUTOS P/CONSUMO INTERNO;25 - MATERIAL LIMPEZA E HIGIENE;3 - OUTROS;99999999;UN;Material de Consumo;Ativo;0 - Nacional;Custo Médio;1/9/2018
535;CATETER;9 - PRODUTOS P/CONSUMO INTERNO;26 - MATERIAL DE PRODUÇAO;3 - OUTROS;99999999;UN;Material de Consumo;Ativo;0 - Nacional;Custo Médio;1/9/2018
536;AGUA SANITARIA 01 LITRO;9 - PRODUTOS P/CONSUMO INTERNO;25 - MATERIAL LIMPEZA E HIGIENE;3 - OUTROS;99999999;LT;Material de Consumo;Ativo;0 - Nacional;Custo Médio;1/9/2018
537;GEL ANTISEPTICO PARA MAOS;9 - PRODUTOS P/CONSUMO INTERNO;26 - MATERIAL DE PRODUÇAO;3 - OUTROS;99999999;LT;Material de Consumo;Ativo;0 - Nacional;Custo Médio;1/9/2018
538;ETIQUETA PIMACO EXPEDIENTE A4368;9 - PRODUTOS P/CONSUMO INTERNO;24 - MATERIAL DE EXPEDIENTE;3 - OUTROS;99999999;PCT;Material de Consumo;Ativo;0 - Nacional;Custo Médio;1/9/2018
540;ETIQUETA PIMACO EXPEDIENTE A4351;9 - PRODUTOS P/CONSUMO INTERNO;24 - MATERIAL DE EXPEDIENTE;3 - OUTROS;99999999;PCT;Material de Consumo;Ativo;0 - Nacional;Custo Médio;1/9/2018
541;PAPEL HIGIENICO 60M;9 - PRODUTOS P/CONSUMO INTERNO;25 - MATERIAL LIMPEZA E HIGIENE;3 - OUTROS;99999999;ROLO;Material de Consumo;Ativo;0 - Nacional;Custo Médio;1/9/2018
542;REGUA PLASTICA SUPER CRISTAL 30CM;9 - PRODUTOS P/CONSUMO INTERNO;24 - MATERIAL DE EXPEDIENTE;3 - OUTROS;99999999;UN;Material de Consumo;Ativo;0 - Nacional;Custo Médio;1/9/2018
543;ETIQUETA PIMACO EXPEDIENTE A4355;9 - PRODUTOS P/CONSUMO INTERNO;24 - MATERIAL DE EXPEDIENTE;3 - OUTROS;99999999;PCT;Material de Consumo;Ativo;0 - Nacional;Custo Médio;1/9/2018
544;ETIQUETA PIMACO EXPEDIENTE A4363;9 - PRODUTOS P/CONSUMO INTERNO;24 - MATERIAL DE EXPEDIENTE;3 - OUTROS;99999999;PCT;Material de Consumo;Ativo;0 - Nacional;Custo Médio;1/9/2018
545;ETIQUETA PIMACO EXPEDIENTE A4349;9 - PRODUTOS P/CONSUMO INTERNO;24 - MATERIAL DE EXPEDIENTE;3 - OUTROS;99999999;PCT;Material de Consumo;Ativo;0 - Nacional;Custo Médio;1/9/2018
546;SILICONE DE ALTA TEMPERATURA WURTH;9 - PRODUTOS P/CONSUMO INTERNO;26 - MATERIAL DE PRODUÇAO;3 - OUTROS;99999999;UN;Material de Consumo;Ativo;0 - Nacional;Custo Médio;1/9/2018
548;BALANCA DIGITAL ATE 05 KG;9 - PRODUTOS P/CONSUMO INTERNO;26 - MATERIAL DE PRODUÇAO;3 - OUTROS;99999999;UN;Acabado;Ativo;0 - Nacional;Custo Médio;1/9/2018
549;ALFINETE N 28 C/400;9 - PRODUTOS P/CONSUMO INTERNO;24 - MATERIAL DE EXPEDIENTE;3 - OUTROS;99999999;CX;Material de Consumo;Ativo;0 - Nacional;Custo Médio;1/9/2018
550;PERCEVEJO LATONADO  C/100;9 - PRODUTOS P/CONSUMO INTERNO;24 - MATERIAL DE EXPEDIENTE;3 - OUTROS;99999999;CX;Material de Consumo;Ativo;0 - Nacional;Custo Médio;1/9/2018
551;COLA BASTAO TRIS 20G;9 - PRODUTOS P/CONSUMO INTERNO;26 - MATERIAL DE PRODUÇAO;3 - OUTROS;99999999;UN;Material de Consumo;Ativo;0 - Nacional;Custo Médio;1/9/2018
552;ETIQUETA PIMACO EXPEDIENTE TP 19 PTO;9 - PRODUTOS P/CONSUMO INTERNO;24 - MATERIAL DE EXPEDIENTE;3 - OUTROS;99999999;PCT;Material de Consumo;Ativo;0 - Nacional;Custo Médio;1/9/2018
553;PAPEL HIGIENICO 30M;9 - PRODUTOS P/CONSUMO INTERNO;25 - MATERIAL LIMPEZA E HIGIENE;3 - OUTROS;99999999;ROLO;Material de Consumo;Ativo;0 - Nacional;Custo Médio;1/9/2018
554;ALICATE DE ACABAMENTO APOSTILAS;9 - PRODUTOS P/CONSUMO INTERNO;26 - MATERIAL DE PRODUÇAO;3 - OUTROS;99999999;UN;Material de Consumo;Ativo;0 - Nacional;Custo Médio;1/9/2018
555;TONER SAMSUNG VAZIO D203 PRETO;8 - CARTUCHOS VAZIOS;23 - CARTUCHOS VAZIOS DE LASER;3 - OUTROS;84439923;UN;Materia Prima;Ativo;0 - Nacional;Custo Médio;1/9/2018
556;ETIQUETA PIMACO EXPEDIENTE A4367;9 - PRODUTOS P/CONSUMO INTERNO;24 - MATERIAL DE EXPEDIENTE;3 - OUTROS;99999999;PCT;Material de Consumo;Ativo;0 - Nacional;Custo Médio;1/9/2018
557;ROLO DE PRESSAO BROTHER HL2230/DCP7065;7 - INSUMOS;21 - INSUMOS P/IMPRESSORAS LASER;3 - OUTROS;84439939;UN;Semi-acabado;Ativo;0 - Nacional;Custo Médio;1/9/2018
559;LUVA LATEX PEQUENA C/100;9 - PRODUTOS P/CONSUMO INTERNO;26 - MATERIAL DE PRODUÇAO;3 - OUTROS;99999999;UN;Material de Consumo;Ativo;0 - Nacional;Custo Médio;1/9/2018
560;LUVA LATEX MEDIA C/100;9 - PRODUTOS P/CONSUMO INTERNO;26 - MATERIAL DE PRODUÇAO;3 - OUTROS;99999999;UN;Material de Consumo;Ativo;0 - Nacional;Custo Médio;1/9/2018
561;LUVA LATEX GRANDE C/100;9 - PRODUTOS P/CONSUMO INTERNO;26 - MATERIAL DE PRODUÇAO;3 - OUTROS;99999999;UN;Material de Consumo;Ativo;0 - Nacional;Custo Médio;1/9/2018
562;ALCOOL ISOPROPILICO 05LITRO;9 - PRODUTOS P/CONSUMO INTERNO;26 - MATERIAL DE PRODUÇAO;3 - OUTROS;99999999;ML;Material de Consumo;Ativo;0 - Nacional;Custo Médio;1/9/2018
563;FITA P/PATRIMONIO 18MM 8M PRATA TZS941;9 - PRODUTOS P/CONSUMO INTERNO;26 - MATERIAL DE PRODUÇAO;3 - OUTROS;99999999;UN;Material de Consumo;Ativo;0 - Nacional;Custo Médio;1/9/2018
564;COLA WURTH W96 20G;9 - PRODUTOS P/CONSUMO INTERNO;26 - MATERIAL DE PRODUÇAO;3 - OUTROS;99999999;UN;Material de Consumo;Ativo;0 - Nacional;Custo Médio;1/9/2018
565;ATIVADOR WURTH W6452 165ML;9 - PRODUTOS P/CONSUMO INTERNO;26 - MATERIAL DE PRODUÇAO;3 - OUTROS;99999999;UN;Material de Consumo;Ativo;0 - Nacional;Custo Médio;1/9/2018
566;ANTI-DESLIZANTE P/CORREIA WURTH 220ML;9 - PRODUTOS P/CONSUMO INTERNO;26 - MATERIAL DE PRODUÇAO;3 - OUTROS;99999999;UN;Material de Consumo;Ativo;0 - Nacional;Custo Médio;1/9/2018
567;LIMPA CONTATO WURTH 300ML;9 - PRODUTOS P/CONSUMO INTERNO;26 - MATERIAL DE PRODUÇAO;3 - OUTROS;99999999;UN;Material de Consumo;Ativo;0 - Nacional;Custo Médio;1/9/2018
568;REMOVEDOR DE FERRUGEM WURTH 500ML;9 - PRODUTOS P/CONSUMO INTERNO;26 - MATERIAL DE PRODUÇAO;3 - OUTROS;99999999;UN;Material de Consumo;Ativo;0 - Nacional;Custo Médio;1/9/2018
569;GRAXA DE CAVIDADE WURTH 01KG;9 - PRODUTOS P/CONSUMO INTERNO;26 - MATERIAL DE PRODUÇAO;3 - OUTROS;99999999;KG;Material de Consumo;Ativo;0 - Nacional;Custo Médio;1/9/2018
570;TONER HP VAZIO 26A PRETO;8 - CARTUCHOS VAZIOS;23 - CARTUCHOS VAZIOS DE LASER;3 - OUTROS;84439923;UN;Materia Prima;Ativo;0 - Nacional;Custo Médio;2/9/2018
571;FOTOCONDUTOR BROTHER  DR720/TN750 USADO;8 - CARTUCHOS VAZIOS;23 - CARTUCHOS VAZIOS DE LASER;3 - OUTROS;84439923;UN;Materia Prima;Ativo;0 - Nacional;Custo Médio;2/9/2018
572;TONER HP VAZIO 05X PRETO;8 - CARTUCHOS VAZIOS;23 - CARTUCHOS VAZIOS DE LASER;3 - OUTROS;84439923;UN;Materia Prima;Ativo;0 - Nacional;Custo Médio;2/9/2018
573;TONER HP VAZIO 05A PRETO;8 - CARTUCHOS VAZIOS;23 - CARTUCHOS VAZIOS DE LASER;3 - OUTROS;84439923;UN;Materia Prima;Ativo;0 - Nacional;Custo Médio;2/9/2018
574;TONER HP VAZIO 35A PRETO;8 - CARTUCHOS VAZIOS;23 - CARTUCHOS VAZIOS DE LASER;3 - OUTROS;84439923;UN;Materia Prima;Ativo;0 - Nacional;Custo Médio;2/9/2018
575;TONER HP VAZIO 36A PRETO;8 - CARTUCHOS VAZIOS;23 - CARTUCHOS VAZIOS DE LASER;3 - OUTROS;84439923;UN;Materia Prima;Ativo;0 - Nacional;Custo Médio;2/9/2018
576;TONER HP VAZIO 13A PRETO;8 - CARTUCHOS VAZIOS;23 - CARTUCHOS VAZIOS DE LASER;3 - OUTROS;84439923;UN;Materia Prima;Ativo;0 - Nacional;Custo Médio;2/9/2018
577;TONER HP VAZIO 13X PRETO;8 - CARTUCHOS VAZIOS;23 - CARTUCHOS VAZIOS DE LASER;3 - OUTROS;84439923;UN;Materia Prima;Ativo;0 - Nacional;Custo Médio;2/9/2018
578;TONER HP VAZIO 12A PRETO;8 - CARTUCHOS VAZIOS;23 - CARTUCHOS VAZIOS DE LASER;3 - OUTROS;84439923;UN;Materia Prima;Ativo;0 - Nacional;Custo Médio;2/9/2018
579;TONER HP VAZIO 15X PRETO;8 - CARTUCHOS VAZIOS;23 - CARTUCHOS VAZIOS DE LASER;3 - OUTROS;84439923;UN;Materia Prima;Ativo;0 - Nacional;Custo Médio;2/9/2018
580;TONER HP VAZIO 49A PRETO;8 - CARTUCHOS VAZIOS;23 - CARTUCHOS VAZIOS DE LASER;3 - OUTROS;84439923;UN;Materia Prima;Ativo;0 - Nacional;Custo Médio;2/9/2018
581;TONER HP VAZIO 49X PRETO;8 - CARTUCHOS VAZIOS;23 - CARTUCHOS VAZIOS DE LASER;3 - OUTROS;84439923;UN;Materia Prima;Ativo;0 - Nacional;Custo Médio;2/9/2018
582;TONER HP VAZIO 53A PRETO;8 - CARTUCHOS VAZIOS;23 - CARTUCHOS VAZIOS DE LASER;3 - OUTROS;84439923;UN;Materia Prima;Ativo;0 - Nacional;Custo Médio;2/9/2018
583;TONER HP VAZIO 64X PRETO;8 - CARTUCHOS VAZIOS;23 - CARTUCHOS VAZIOS DE LASER;3 - OUTROS;84439923;UN;Materia Prima;Ativo;0 - Nacional;Custo Médio;2/9/2018
584;TONER HP VAZIO 53X PRETO;8 - CARTUCHOS VAZIOS;23 - CARTUCHOS VAZIOS DE LASER;3 - OUTROS;84439923;UN;Materia Prima;Ativo;0 - Nacional;Custo Médio;2/9/2018
585;TONER BROTHER VAZIO TN350 PRETO;8 - CARTUCHOS VAZIOS;23 - CARTUCHOS VAZIOS DE LASER;3 - OUTROS;84439923;UN;Materia Prima;Ativo;0 - Nacional;Custo Médio;2/9/2018
586;TONER BROTHER VAZIO TN580 PRETO;8 - CARTUCHOS VAZIOS;23 - CARTUCHOS VAZIOS DE LASER;3 - OUTROS;84439923;UN;Materia Prima;Ativo;0 - Nacional;Custo Médio;2/9/2018
596;TONER HP VAZIO 35A/36A/78A/85A PRETO;8 - CARTUCHOS VAZIOS;23 - CARTUCHOS VAZIOS DE LASER;3 - OUTROS;84439923;UN;Materia Prima;Ativo;0 - Nacional;Custo Médio;2/9/2018
597;TONER SAMSUNG VAZIO D104 PRETO;8 - CARTUCHOS VAZIOS;23 - CARTUCHOS VAZIOS DE LASER;3 - OUTROS;84439923;UN;Materia Prima;Ativo;0 - Nacional;Custo Médio;2/9/2018
598;TONER HP VAZIO 78A PRETO;8 - CARTUCHOS VAZIOS;23 - CARTUCHOS VAZIOS DE LASER;3 - OUTROS;84439923;UN;Materia Prima;Ativo;0 - Nacional;Custo Médio;2/9/2018
599;FOTOCONDUTOR BROTHER  DR580/620 PRETO USADO;8 - CARTUCHOS VAZIOS;23 - CARTUCHOS VAZIOS DE LASER;3 - OUTROS;84439923;UN;Materia Prima;Ativo;0 - Nacional;Custo Médio;2/9/2018
600;TONER SAMSUNG VAZIO D101 PRETO;8 - CARTUCHOS VAZIOS;23 - CARTUCHOS VAZIOS DE LASER;3 - OUTROS;84439923;UN;Materia Prima;Ativo;0 - Nacional;Custo Médio;2/9/2018
601;TONER HP VAZIO 55A PRETO;8 - CARTUCHOS VAZIOS;23 - CARTUCHOS VAZIOS DE LASER;3 - OUTROS;84439923;UN;Materia Prima;Ativo;0 - Nacional;Custo Médio;2/9/2018
602;TONER SAMSUNG VAZIO D105 PRETO;8 - CARTUCHOS VAZIOS;23 - CARTUCHOS VAZIOS DE LASER;3 - OUTROS;84439923;UN;Materia Prima;Ativo;0 - Nacional;Custo Médio;2/9/2018
603;TONER HP VAZIO 26X PRETO;8 - CARTUCHOS VAZIOS;23 - CARTUCHOS VAZIOS DE LASER;3 - OUTROS;84439923;UN;Materia Prima;Ativo;0 - Nacional;Custo Médio;2/9/2018
604;TONER SAMSUNG VAZIO D111 PRETO;8 - CARTUCHOS VAZIOS;23 - CARTUCHOS VAZIOS DE LASER;3 - OUTROS;84439923;UN;Materia Prima;Ativo;0 - Nacional;Custo Médio;2/9/2018
605;TONER HP VAZIO 83A PRETO;8 - CARTUCHOS VAZIOS;23 - CARTUCHOS VAZIOS DE LASER;3 - OUTROS;84439923;UN;Materia Prima;Ativo;0 - Nacional;Custo Médio;2/9/2018
611;TONER BROTHER VAZIO TN450 PRETO;8 - CARTUCHOS VAZIOS;23 - CARTUCHOS VAZIOS DE LASER;3 - OUTROS;84439923;UN;Materia Prima;Ativo;0 - Nacional;Custo Médio;2/9/2018
612;TONER BROTHER VAZIO TN880 PRETO;8 - CARTUCHOS VAZIOS;23 - CARTUCHOS VAZIOS DE LASER;3 - OUTROS;84439923;UN;Materia Prima;Ativo;0 - Nacional;Custo Médio;2/9/2018
613;MULTIFUNCIONAL BROTHER LASER MFC-8890DW MONO;10 - IMPRESSORAS;28 - IMPRESSORA LASER;3 - OUTROS;84433113;UN;Acabado;Ativo;0 - Nacional;Custo Médio;3/9/2018
614;MULTIFUNCIONAL BROTHER LASER MFC-8952DW MONO;10 - IMPRESSORAS;28 - IMPRESSORA LASER;3 - OUTROS;84433113;UN;Acabado;Ativo;0 - Nacional;Custo Médio;3/9/2018
615;IMPRESORA CANON JATO DE TINTA IB4010 COLOR;10 - IMPRESSORAS;27 - IMPRESSORA JATO DE TINTA;3 - OUTROS;84433231;UN;Semi-acabado;Ativo;0 - Nacional;Custo Médio;3/9/2018
617;IMPRESSORA CANON JATO DE TINTA IB4110 COLOR;10 - IMPRESSORAS;27 - IMPRESSORA JATO DE TINTA;3 - OUTROS;84433231;UN;Semi-acabado;Ativo;0 - Nacional;Custo Médio;3/9/2018
619;MULTIFUNCIONAL CANON JATO DE TINTA MB2710 COLOR;10 - IMPRESSORAS;27 - IMPRESSORA JATO DE TINTA;3 - OUTROS;84433111;UN;Semi-acabado;Ativo;0 - Nacional;Custo Médio;3/9/2018
621;MULTIFUNCIONAL CANON JATO DE TINTA MB5110 COLOR;10 - IMPRESSORAS;27 - IMPRESSORA JATO DE TINTA;3 - OUTROS;84433111;UN;Semi-acabado;Ativo;0 - Nacional;Custo Médio;3/9/2018
623;MULTIFUNCIONAL CANON JATO DE TINTA MB5310 COLOR;10 - IMPRESSORAS;27 - IMPRESSORA JATO DE TINTA;3 - OUTROS;84433231;UN;Semi-acabado;Ativo;0 - Nacional;Custo Médio;3/9/2018
626;IMPRESSORA HP LASER 1320 MONO;10 - IMPRESSORAS;28 - IMPRESSORA LASER;3 - OUTROS;84433233;UN;Acabado;Ativo;0 - Nacional;Custo Médio;3/9/2018
627;IMPRESSORA HP LASER M401 MONO;10 - IMPRESSORAS;28 - IMPRESSORA LASER;3 - OUTROS;84433233;UN;Acabado;Ativo;0 - Nacional;Custo Médio;3/9/2018
628;MULTIFUNCIONAL HP LASER CM1415NF COLOR;10 - IMPRESSORAS;28 - IMPRESSORA LASER;3 - OUTROS;84433233;UN;Acabado;Ativo;0 - Nacional;Custo Médio;3/9/2018
629;IMPRESSORA HP LASER CP1515N COLOR;10 - IMPRESSORAS;28 - IMPRESSORA LASER;3 - OUTROS;84433233;UN;Acabado;Ativo;0 - Nacional;Custo Médio;3/9/2018
630;MULTIFUNCIONAL HP LASER M1120 MFP MONO;10 - IMPRESSORAS;28 - IMPRESSORA LASER;3 - OUTROS;84433233;UN;Acabado;Ativo;0 - Nacional;Custo Médio;3/9/2018
631;MULTIFUNCIONAL HP LASER M1132 MFP MONO;10 - IMPRESSORAS;28 - IMPRESSORA LASER;3 - OUTROS;84433233;UN;Acabado;Ativo;0 - Nacional;Custo Médio;3/9/2018
632;MULTIFUNCIONAL HP LASER M1212 MFP MONO;10 - IMPRESSORAS;28 - IMPRESSORA LASER;3 - OUTROS;84433233;UN;Acabado;Ativo;0 - Nacional;Custo Médio;3/9/2018
633;IMPRESSORA HP LASER P1505N MONO;10 - IMPRESSORAS;28 - IMPRESSORA LASER;3 - OUTROS;84433233;UN;Acabado;Ativo;0 - Nacional;Custo Médio;3/9/2018
634;IMPRESSORA HP LASER P1606DN MONO;10 - IMPRESSORAS;28 - IMPRESSORA LASER;3 - OUTROS;84433233;UN;Acabado;Ativo;0 - Nacional;Custo Médio;3/9/2018
635;IMPRESSORA HP LASER P2055DN MONO;10 - IMPRESSORAS;28 - IMPRESSORA LASER;3 - OUTROS;84433233;UN;Acabado;Ativo;0 - Nacional;Custo Médio;3/9/2018
636;IMPRESSORA HP LASER P4015 MONO;10 - IMPRESSORAS;28 - IMPRESSORA LASER;3 - OUTROS;84433233;UN;Acabado;Ativo;0 - Nacional;Custo Médio;3/9/2018
637;IMPRESSORA HP LASER P1102W MONO;10 - IMPRESSORAS;28 - IMPRESSORA LASER;3 - OUTROS;84433233;UN;Acabado;Ativo;0 - Nacional;Custo Médio;3/9/2018
638;IMPRESSORA HP JATO DE TINTA 7110 A3 COLOR;10 - IMPRESSORAS;27 - IMPRESSORA JATO DE TINTA;3 - OUTROS;84433231;UN;Semi-acabado;Ativo;0 - Nacional;Custo Médio;3/9/2018
640;MULTIFUNCIONAL HP JATO DE TINTA 7610 A3 COLOR;10 - IMPRESSORAS;27 - IMPRESSORA JATO DE TINTA;3 - OUTROS;84433231;UN;Semi-acabado;Ativo;0 - Nacional;Custo Médio;3/9/2018
642;MULTIFUNCIONAL HP JATO DE TINTA 7612 A3 COLOR;10 - IMPRESSORAS;27 - IMPRESSORA JATO DE TINTA;3 - OUTROS;84433233;UN;Semi-acabado;Ativo;0 - Nacional;Custo Médio;3/9/2018
644;MULTIFUNCIONAL HP JATO DE TINTA 276W COLOR;10 - IMPRESSORAS;27 - IMPRESSORA JATO DE TINTA;3 - OUTROS;84433231;UN;Semi-acabado;Ativo;0 - Nacional;Custo Médio;3/9/2018
646;MULTIFUNCIONAL HP JATO DE TINTA 6830 COLOR;10 - IMPRESSORAS;27 - IMPRESSORA JATO DE TINTA;3 - OUTROS;84433231;UN;Semi-acabado;Ativo;0 - Nacional;Custo Médio;3/9/2018
648;MULTIFUNCIONAL HP JATO DE TINTA 6970 COLOR;10 - IMPRESSORAS;27 - IMPRESSORA JATO DE TINTA;3 - OUTROS;84433111;UN;Semi-acabado;Ativo;0 - Nacional;Custo Médio;3/9/2018
655;IMPRESSORA HP JATO DE TINTA PRO X451DW COLOR;10 - IMPRESSORAS;27 - IMPRESSORA JATO DE TINTA;3 - OUTROS;84433231;UN;Semi-acabado;Ativo;0 - Nacional;Custo Médio;3/9/2018
657;MULTIFUNCIONAL HP JATO DE TINTA PRO X476DW COLOR;10 - IMPRESSORAS;27 - IMPRESSORA JATO DE TINTA;3 - OUTROS;84433231;UN;Semi-acabado;Ativo;0 - Nacional;Custo Médio;3/9/2018
659;MULTIFUNCIONAL KONICA MINOLTA LASER BIZHUB 20 MONO;10 - IMPRESSORAS;28 - IMPRESSORA LASER;3 - OUTROS;84433233;UN;Acabado;Ativo;0 - Nacional;Custo Médio;5/9/2018
660;MULTIFUNCIONAL SAMSUNG LASER M4070FX MONO;10 - IMPRESSORAS;28 - IMPRESSORA LASER;3 - OUTROS;84433113;UN;Acabado;Ativo;0 - Nacional;Custo Médio;5/9/2018
661;MULTIFUNCIONAL SAMSUNG LASER M4080FX MONO;10 - IMPRESSORAS;28 - IMPRESSORA LASER;3 - OUTROS;84433113;UN;Acabado;Ativo;0 - Nacional;Custo Médio;5/9/2018
662;SCANNER BROTHER AOS 2800W;10 - IMPRESSORAS;28 - IMPRESSORA LASER;3 - OUTROS;84433233;UN;Acabado;Ativo;0 - Nacional;Custo Médio;5/9/2018
663;MULTIFUNCIONAL BROTHER LASER DCP-8080DN MONO;10 - IMPRESSORAS;28 - IMPRESSORA LASER;3 - OUTROS;84433233;UN;Acabado;Ativo;0 - Nacional;Custo Médio;5/9/2018
664;MULTIFUNCIONAL BROTHER LASER DCP-8085DN MONO;10 - IMPRESSORAS;28 - IMPRESSORA LASER;3 - OUTROS;84433233;UN;Acabado;Ativo;0 - Nacional;Custo Médio;5/9/2018
665;MULTIFUNCIONAL BROTHER LASER DCP-8112DN MONO;10 - IMPRESSORAS;28 - IMPRESSORA LASER;3 - OUTROS;84433233;UN;Acabado;Ativo;0 - Nacional;Custo Médio;5/9/2018
666;MULTIFUNCIONAL BROTHER LASER DCP-8157DN MONO;10 - IMPRESSORAS;28 - IMPRESSORA LASER;3 - OUTROS;84433233;UN;Acabado;Ativo;0 - Nacional;Custo Médio;5/9/2018
667;MULTIFUNCIONAL BROTHER LASER DCP-L5652DN MONO;10 - IMPRESSORAS;28 - IMPRESSORA LASER;3 - OUTROS;84433113;UN;Acabado;Ativo;0 - Nacional;Custo Médio;5/9/2018
668;IMPRESSORA BROTHER LASER HL-5350DN MONO;10 - IMPRESSORAS;28 - IMPRESSORA LASER;3 - OUTROS;84433233;UN;Acabado;Ativo;0 - Nacional;Custo Médio;5/9/2018
669;IMPRESSORA BROTHER LASER HL-5370DW MONO;10 - IMPRESSORAS;28 - IMPRESSORA LASER;3 - OUTROS;84433233;UN;Acabado;Ativo;0 - Nacional;Custo Médio;5/9/2018
670;IMPRESSORA BROTHER LASER HL-5450DN MONO;10 - IMPRESSORAS;28 - IMPRESSORA LASER;3 - OUTROS;84433233;UN;Acabado;Ativo;0 - Nacional;Custo Médio;5/9/2018
671;MULTIFUNCIONAL BROTHER LASER MFC-8480DN MONO;10 - IMPRESSORAS;28 - IMPRESSORA LASER;3 - OUTROS;84433113;UN;Acabado;Ativo;0 - Nacional;Custo Médio;5/9/2018
672;MULTIFUNCIONAL BROTHER LASER MFC-8880DN MONO;10 - IMPRESSORAS;28 - IMPRESSORA LASER;3 - OUTROS;84433233;UN;Acabado;Ativo;0 - Nacional;Custo Médio;5/9/2018
883;LUVA PARA CARTUCHO;7 - INSUMOS;20 - INSUMOS P/IMPRESSORAS JATO DE TINTA;3 - OUTROS;39269090;UN;Acabado;Ativo;0 - Nacional;Custo Médio;8/4/2019
893;COTOVELO PARA CARTUCHO;7 - INSUMOS;20 - INSUMOS P/IMPRESSORAS JATO DE TINTA;3 - OUTROS;39269090;UN;Acabado;Ativo;0 - Nacional;Custo Médio;8/4/2019
898;IMPRESSORA HP JATO DE TINTA GT 5822 COLOR;10 - IMPRESSORAS;27 - IMPRESSORA JATO DE TINTA;3 - OUTROS;84433231;UN;Acabado;Ativo;0 - Nacional;Custo Médio;9/9/2018
1276;SACO PARA TONER MEDIO;9 - PRODUTOS P/CONSUMO INTERNO;25 - MATERIAL LIMPEZA E HIGIENE;3 - OUTROS;99999999;UN;Materia Prima;Ativo;0 - Nacional;Custo Médio;31/10/2018
1277;SACO PARA TONER GRANDE;9 - PRODUTOS P/CONSUMO INTERNO;25 - MATERIAL LIMPEZA E HIGIENE;3 - OUTROS;99999999;UN;Material de Consumo;Ativo;0 - Nacional;Custo Médio;31/10/2018
1278;IMPRESSORA BROTHER LASER HL-L5202DW MONO;10 - IMPRESSORAS;28 - IMPRESSORA LASER;3 - OUTROS;84433233;UN;Acabado;Ativo;0 - Nacional;Custo Médio;22/11/2018
1279;MULTIFUNCIONAL CANON JATO DE TINTA MB2010 COLOR;10 - IMPRESSORAS;27 - IMPRESSORA JATO DE TINTA;3 - OUTROS;84433231;UN;Acabado;Ativo;0 - Nacional;Custo Médio;22/11/2018
1281;MULTIFUNCIONAL BROTHER LASER DCP-8152DN MONO;10 - IMPRESSORAS;28 - IMPRESSORA LASER;3 - OUTROS;84433233;UN;Acabado;Ativo;0 - Nacional;Custo Médio;22/11/2018
1282;MULTIFUNCIONAL CANON JATO DE TINTA MB2110 COLOR;10 - IMPRESSORAS;27 - IMPRESSORA JATO DE TINTA;3 - OUTROS;84433231;UN;Semi-acabado;Ativo;0 - Nacional;Custo Médio;22/11/2018
1284;IMPRESSORA BROTHER LASER HL-L5102DW MONO;10 - IMPRESSORAS;28 - IMPRESSORA LASER;3 - OUTROS;84433233;UN;Acabado;Ativo;0 - Nacional;Custo Médio;22/11/2018
1285;IMPRESSORA BROTHER LASER HL-5250DN MONO;10 - IMPRESSORAS;28 - IMPRESSORA LASER;3 - OUTROS;84433233;UN;Acabado;Ativo;0 - Nacional;Custo Médio;22/11/2018
1286;IMPRESSORA BROTHER LASER HL-5452DN MONO;10 - IMPRESSORAS;28 - IMPRESSORA LASER;3 - OUTROS;84433233;UN;Acabado;Ativo;0 - Nacional;Custo Médio;22/11/2018
1287;IMPRESSORA BROTHER LASER HL-2360DW MONO;10 - IMPRESSORAS;28 - IMPRESSORA LASER;3 - OUTROS;84433233;UN;Acabado;Ativo;0 - Nacional;Custo Médio;22/11/2018
1288;IMPRESSORA HP JATO DE TINTA PRO X452DW COLOR;10 - IMPRESSORAS;27 - IMPRESSORA JATO DE TINTA;3 - OUTROS;84433231;UN;Semi-acabado;Ativo;0 - Nacional;Custo Médio;22/11/2018
1290;IMPRESSORA HP LASER PRO M452DW COLOR;10 - IMPRESSORAS;28 - IMPRESSORA LASER;3 - OUTROS;84433236;UN;Acabado;Ativo;0 - Nacional;Custo Médio;22/11/2018
1291;MULTIFUNCIONAL HP LASER M1213 MFP MONO;10 - IMPRESSORAS;28 - IMPRESSORA LASER;3 - OUTROS;84433233;UN;Acabado;Ativo;0 - Nacional;Custo Médio;22/11/2018
1292;IMPRESSORA HP LASER M201DW MONO;10 - IMPRESSORAS;28 - IMPRESSORA LASER;3 - OUTROS;84433233;UN;Acabado;Ativo;0 - Nacional;Custo Médio;22/11/2018
1293;MULTIFUNCIONAL HP LASER M177FW COLOR;10 - IMPRESSORAS;28 - IMPRESSORA LASER;3 - OUTROS;84433233;UN;Acabado;Ativo;0 - Nacional;Custo Médio;22/11/2018
1294;MULTIFUNCIONAL BROTHER LASER MFC-8912DW MONO;10 - IMPRESSORAS;28 - IMPRESSORA LASER;3 - OUTROS;84433113;UN;Acabado;Ativo;0 - Nacional;Custo Médio;22/11/2018
1295;MULTIFUNCIONAL HP JATO DE TINTA 7510 A3 COLOR;10 - IMPRESSORAS;27 - IMPRESSORA JATO DE TINTA;3 - OUTROS;84433231;UN;Semi-acabado;Ativo;0 - Nacional;Custo Médio;22/11/2018
1297;MULTIFUNCIONAL HP JATO DE TINTA 7740 A3 COLOR;10 - IMPRESSORAS;27 - IMPRESSORA JATO DE TINTA;3 - OUTROS;84433111;UN;Semi-acabado;Ativo;0 - Nacional;Custo Médio;22/11/2018
1299;IMPRESSORA HP JATO DE TINTA 6230 COLOR;10 - IMPRESSORAS;27 - IMPRESSORA JATO DE TINTA;3 - OUTROS;84433231;UN;Semi-acabado;Ativo;0 - Nacional;Custo Médio;22/11/2018
1301;MULTIFUNCIONAL HP JATO DE TINTA PRO X477DW COLOR;10 - IMPRESSORAS;27 - IMPRESSORA JATO DE TINTA;3 - OUTROS;84433231;UN;Semi-acabado;Ativo;0 - Nacional;Custo Médio;22/11/2018
1303;MULTIFUNCIONAL BROTHER LASER DCP-8070D MONO;10 - IMPRESSORAS;28 - IMPRESSORA LASER;3 - OUTROS;84433233;UN;Acabado;Ativo;0 - Nacional;Custo Médio;22/11/2018
1304;MULTIFUNCIONAL BROTHER LASER MFC-L5702DW MONO;10 - IMPRESSORAS;28 - IMPRESSORA LASER;3 - OUTROS;84433233;UN;Acabado;Ativo;0 - Nacional;Custo Médio;22/11/2018
1305;IMPRESSORA BROTHER LASER HL-L6202DW MONO;10 - IMPRESSORAS;28 - IMPRESSORA LASER;3 - OUTROS;84433233;UN;Acabado;Ativo;0 - Nacional;Custo Médio;22/11/2018
1306;IMPRESSORA HP LASER 1018 MONO;10 - IMPRESSORAS;28 - IMPRESSORA LASER;3 - OUTROS;84433233;UN;Acabado;Ativo;0 - Nacional;Custo Médio;22/11/2018
1307;MULTIFUNCIONAL BROTHER LASER DCP-8065DN MONO;10 - IMPRESSORAS;28 - IMPRESSORA LASER;3 - OUTROS;84433233;UN;Acabado;Ativo;0 - Nacional;Custo Médio;23/11/2018
1380;MULTIFUNCIONAL HP JATO DE TINTA 8710 COLOR;10 - IMPRESSORAS;27 - IMPRESSORA JATO DE TINTA;3 - OUTROS;84433111;UN;Semi-acabado;Ativo;0 - Nacional;Custo Médio;3/12/2018
1382;IMPRESSORA HP LASER P2015N MONO;10 - IMPRESSORAS;28 - IMPRESSORA LASER;3 - OUTROS;84433233;UN;Acabado;Ativo;0 - Nacional;Custo Médio;3/12/2018
1383;IMPRESSORA HP JATO DE TINTA PRO X555DW COLOR;10 - IMPRESSORAS;27 - IMPRESSORA JATO DE TINTA;3 - OUTROS;84433231;UN;Semi-acabado;Ativo;0 - Nacional;Custo Médio;3/12/2018
1438;ESPONJA DE ACO;9 - PRODUTOS P/CONSUMO INTERNO;25 - MATERIAL LIMPEZA E HIGIENE;3 - OUTROS;99999999;UN;Acabado;Ativo;0 - Nacional;Custo Médio;4/3/2019
1439;DESENTOP PIAS E VASOS SANITARIOS;9 - PRODUTOS P/CONSUMO INTERNO;25 - MATERIAL LIMPEZA E HIGIENE;3 - OUTROS;99999999;UN;Acabado;Ativo;0 - Nacional;Custo Médio;4/3/2019
1444;REGUA DE METAL  30CM;9 - PRODUTOS P/CONSUMO INTERNO;24 - MATERIAL DE EXPEDIENTE;3 - OUTROS;99999999;UN;Acabado;Ativo;0 - Nacional;Custo Médio;7/3/2019
1445;CLIPES NIQUELADOS 6/0;9 - PRODUTOS P/CONSUMO INTERNO;24 - MATERIAL DE EXPEDIENTE;3 - OUTROS;99999999;CX;Acabado;Ativo;0 - Nacional;Custo Médio;7/3/2019
1446;COLA BASTAO 20G;9 - PRODUTOS P/CONSUMO INTERNO;24 - MATERIAL DE EXPEDIENTE;3 - OUTROS;99999999;UN;Acabado;Ativo;0 - Nacional;Custo Médio;7/3/2019
1447;ESTILETE 18MM;9 - PRODUTOS P/CONSUMO INTERNO;24 - MATERIAL DE EXPEDIENTE;3 - OUTROS;99999999;UN;Acabado;Ativo;0 - Nacional;Custo Médio;7/3/2019
1448;LAMINA ESTILETE 18MM;9 - PRODUTOS P/CONSUMO INTERNO;26 - MATERIAL DE PRODUÇAO;3 - OUTROS;99999999;UN;Acabado;Ativo;0 - Nacional;Custo Médio;7/3/2019
1449;LAMINA ESTILETE ESTREITO;9 - PRODUTOS P/CONSUMO INTERNO;26 - MATERIAL DE PRODUÇAO;3 - OUTROS;99999999;UN;Acabado;Ativo;0 - Nacional;Custo Médio;7/3/2019
1450;MARCADOR PARA CD E DVD 2.0;9 - PRODUTOS P/CONSUMO INTERNO;24 - MATERIAL DE EXPEDIENTE;3 - OUTROS;99999999;UN;Acabado;Ativo;0 - Nacional;Custo Médio;7/3/2019
1451;PASTA L;9 - PRODUTOS P/CONSUMO INTERNO;24 - MATERIAL DE EXPEDIENTE;3 - OUTROS;99999999;UN;Acabado;Ativo;0 - Nacional;Custo Médio;7/3/2019
1452;EXTRATOR DE GRAMPOS EG 001;9 - PRODUTOS P/CONSUMO INTERNO;24 - MATERIAL DE EXPEDIENTE;3 - OUTROS;99999999;UN;Acabado;Ativo;0 - Nacional;Custo Médio;8/3/2019
1453;GRAMPO 26/8 EXPEDIENTE;9 - PRODUTOS P/CONSUMO INTERNO;24 - MATERIAL DE EXPEDIENTE;3 - OUTROS;99999999;CX;Acabado;Ativo;0 - Nacional;Custo Médio;8/3/2019
1454;GRAMPO 23/15 EXPEDIENTE;9 - PRODUTOS P/CONSUMO INTERNO;24 - MATERIAL DE EXPEDIENTE;3 - OUTROS;99999999;CX;Acabado;Ativo;0 - Nacional;Custo Médio;8/3/2019
1455;GRAMPO 23/8 EXPEDIENTE;9 - PRODUTOS P/CONSUMO INTERNO;24 - MATERIAL DE EXPEDIENTE;3 - OUTROS;99999999;CX;Acabado;Ativo;0 - Nacional;Custo Médio;8/3/2019
1456;BOBINA CUPOM FISCAL 80X40X1;9 - PRODUTOS P/CONSUMO INTERNO;24 - MATERIAL DE EXPEDIENTE;3 - OUTROS;99999999;ROLO;Acabado;Ativo;0 - Nacional;Custo Médio;8/3/2019
1457;EXPOSITOR DE PAREDE CLASSIC;9 - PRODUTOS P/CONSUMO INTERNO;24 - MATERIAL DE EXPEDIENTE;3 - OUTROS;99999999;UN;Acabado;Ativo;0 - Nacional;Custo Médio;8/3/2019
1460;ROST OFF ANTICORROSIVO WURTH;9 - PRODUTOS P/CONSUMO INTERNO;26 - MATERIAL DE PRODUÇAO;3 - OUTROS;99999999;UN;Acabado;Ativo;0 - Nacional;Custo Médio;11/3/2019
1461;COPO ASPIRAMAX 1300ML;9 - PRODUTOS P/CONSUMO INTERNO;26 - MATERIAL DE PRODUÇAO;3 - OUTROS;99999999;UN;Acabado;Ativo;0 - Nacional;Custo Médio;11/3/2019
1462;PISTOLA COLA QUENTE;9 - PRODUTOS P/CONSUMO INTERNO;26 - MATERIAL DE PRODUÇAO;3 - OUTROS;99999999;UN;Acabado;Ativo;0 - Nacional;Custo Médio;11/3/2019
1463;LIMPADOR INDUSTRIAL SPRAY;9 - PRODUTOS P/CONSUMO INTERNO;26 - MATERIAL DE PRODUÇAO;3 - OUTROS;99999999;UN;Acabado;Ativo;0 - Nacional;Custo Médio;11/3/2019
1464;ESTANHO EM FIO PARA SOLDA;9 - PRODUTOS P/CONSUMO INTERNO;26 - MATERIAL DE PRODUÇAO;3 - OUTROS;99999999;UN;Acabado;Ativo;0 - Nacional;Custo Médio;11/3/2019
1465;FITA VEDA ROSCA 18X50;9 - PRODUTOS P/CONSUMO INTERNO;26 - MATERIAL DE PRODUÇAO;3 - OUTROS;99999999;UN;Acabado;Ativo;0 - Nacional;Custo Médio;11/3/2019
1474;FILTRO DE COMBUSTIVEL UNIVERSAL;9 - PRODUTOS P/CONSUMO INTERNO;26 - MATERIAL DE PRODUÇAO;3 - OUTROS;99999999;UN;Acabado;Ativo;0 - Nacional;Custo Médio;20/3/2019
1478;CANETA PROMOCIONAL UNISERV;9 - PRODUTOS P/CONSUMO INTERNO;24 - MATERIAL DE EXPEDIENTE;3 - OUTROS;99999999;UN;Acabado;Ativo;0 - Nacional;Custo Médio;22/3/2019
1513;PASTA DE PAPEL UNISERV;9 - PRODUTOS P/CONSUMO INTERNO;24 - MATERIAL DE EXPEDIENTE;3 - OUTROS;99999999;UN;Acabado;Ativo;0 - Nacional;Custo Médio;28/3/2019
1593;IMPRESSORA MULTIFUNCIONAL ADVANTAGE 2136 FSS30A AK4 HP;10 - IMPRESSORAS;27 - IMPRESSORA JATO DE TINTA;3 - OUTROS;84433111;UN;Acabado;Ativo;0 - Nacional;Custo Médio;22/4/2019
1612;ULTRASOLUCAO 60MLS PARA CARTUCHOS;7 - INSUMOS;20 - INSUMOS P/IMPRESSORAS JATO DE TINTA;3 - OUTROS;39233000;ML;Acabado;Ativo;0 - Nacional;Custo Médio;29/4/2019
1613;SOLUCAO DE LIMPEZA BK 35 PARA CABECA DE IMPRESSAO;7 - INSUMOS;20 - INSUMOS P/IMPRESSORAS JATO DE TINTA;3 - OUTROS;32151100;LT;Acabado;Ativo;0 - Nacional;Custo Médio;29/4/2019
1614;BLOCO DE RECIBO;9 - PRODUTOS P/CONSUMO INTERNO;24 - MATERIAL DE EXPEDIENTE;3 - OUTROS;39162000;UN;Acabado;Ativo;0 - Nacional;Custo Médio;2/5/2019
1615;IMPRESSORA MULTIFUNCIOAL HP PRO 9010;10 - IMPRESSORAS;27 - IMPRESSORA JATO DE TINTA;3 - OUTROS;84433111;UN;Acabado;Ativo;0 - Nacional;Custo Médio;3/5/2019
1616;CHIP CJ ARC CARTUCHO DE TINTA 954;7 - INSUMOS;20 - INSUMOS P/IMPRESSORAS JATO DE TINTA;3 - OUTROS;84439923;UN;Acabado;Ativo;0 - Nacional;Custo Médio;3/5/2019
1621;CABECA DE IMPRESSAO CANON 4010 2010 5310 4110 2110 2710 5110 5410;7 - INSUMOS;20 - INSUMOS P/IMPRESSORAS JATO DE TINTA;3 - OUTROS;84439922;UN;Acabado;Ativo;0 - Nacional;Custo Médio;6/5/2019
1626;CABECA DE IMPRESSAO HP 8600/ 8610/8620/8625/8630/8700/251/276/8100;7 - INSUMOS;20 - INSUMOS P/IMPRESSORAS JATO DE TINTA;3 - OUTROS;84439922;UN;Acabado;Ativo;0 - Nacional;Custo Médio;13/5/2019
1634;MULTIFUNCIONAL CANON JATO DE TINTA MB5410 COLLOR;10 - IMPRESSORAS;27 - IMPRESSORA JATO DE TINTA;3 - OUTROS;84433111;UN;Acabado;Ativo;0 - Nacional;Custo Médio;21/5/2019
1656;ALMOFADA PEQ PARA CARIMBO;9 - PRODUTOS P/CONSUMO INTERNO;24 - MATERIAL DE EXPEDIENTE;3 - OUTROS;84439929;UN;Acabado;Ativo;0 - Nacional;Custo Médio;24/5/2019
1657;ALMOFADA GR PARA CARIMBO;9 - PRODUTOS P/CONSUMO INTERNO;24 - MATERIAL DE EXPEDIENTE;3 - OUTROS;84439929;UN;Acabado;Ativo;0 - Nacional;Custo Médio;24/5/2019
1660;CHAPA ACRILICO BRANCO PARA KIT 250X120X3MM;7 - INSUMOS;20 - INSUMOS P/IMPRESSORAS JATO DE TINTA;3 - OUTROS;39205100;UN;Acabado;Ativo;0 - Nacional;Custo Médio;27/5/2019
1679;AUTOTRANSFORMADOR 110/220V 1500VA;7 - INSUMOS;21 - INSUMOS P/IMPRESSORAS LASER;3 - OUTROS;84433910;UN;Acabado;Ativo;0 - Nacional;Custo Médio;12/6/2019
1759;CORREIA ENCODER 8100/8600;7 - INSUMOS;20 - INSUMOS P/IMPRESSORAS JATO DE TINTA;3 - OUTROS;84439970;UN;Acabado;Ativo;0 - Nacional;Custo Médio;9/7/2019
1760;GAVETA ADICIONAL SANSUNG SLS;7 - INSUMOS;21 - INSUMOS P/IMPRESSORAS LASER;3 - OUTROS;84439970;UN;Acabado;Ativo;0 - Nacional;Custo Médio;9/7/2019
1761;ROLO PRESSAO HP 2035 2055 PRO 400;7 - INSUMOS;21 - INSUMOS P/IMPRESSORAS LASER;3 - OUTROS;84439939;UN;Acabado;Ativo;0 - Nacional;Custo Médio;9/7/2019
1762;PLACA CONEXAO FUSOR BROTHER;7 - INSUMOS;21 - INSUMOS P/IMPRESSORAS LASER;3 - OUTROS;84439960;UN;Acabado;Ativo;0 - Nacional;Custo Médio;9/7/2019
1763;ENGRENAGEM PIAO BROTHER DCP-8065;7 - INSUMOS;21 - INSUMOS P/IMPRESSORAS LASER;3 - OUTROS;39071099;UN;Acabado;Ativo;0 - Nacional;Custo Médio;9/7/2019
1764;ROLO PRESSAO ML2851 JC66 01663A;7 - INSUMOS;21 - INSUMOS P/IMPRESSORAS LASER;3 - OUTROS;84439939;UN;Acabado;Ativo;0 - Nacional;Custo Médio;9/7/2019
1765;ROLO FUSOR SAMSUNH SCX5637 SL M4070/4020;7 - INSUMOS;21 - INSUMOS P/IMPRESSORAS LASER;3 - OUTROS;84439939;UN;Acabado;Ativo;0 - Nacional;Custo Médio;9/7/2019
1776;SACOLA PLASTICA UNISERV 36X48 MEDIA;9 - PRODUTOS P/CONSUMO INTERNO;24 - MATERIAL DE EXPEDIENTE;3 - OUTROS;99999999;UN;Acabado;Ativo;0 - Nacional;Custo Médio;16/7/2019
1777;FOLDER LOCACAO DE EQUIPAMENTOS UNISERV;9 - PRODUTOS P/CONSUMO INTERNO;24 - MATERIAL DE EXPEDIENTE;3 - OUTROS;99999999;UN;Acabado;Ativo;0 - Nacional;Custo Médio;16/7/2019
1780;MULTIFUNCIONAL BROTHER LASER DCP-7065DN MONO;10 - IMPRESSORAS;28 - IMPRESSORA LASER;3 - OUTROS;84433233;UN;Acabado;Ativo;0 - Nacional;Custo Médio;24/7/2019
1788;PENDRIVE TDK 16GB USB 2.0 TF10;7 - INSUMOS;20 - INSUMOS P/IMPRESSORAS JATO DE TINTA;3 - OUTROS;85235190;UN;Acabado;Ativo;0 - Nacional;Custo Médio;30/7/2019
1849;SCANNER BROTHER ADS2800WD;10 - IMPRESSORAS;28 - IMPRESSORA LASER;3 - OUTROS;84719014;UN;Acabado;Ativo;0 - Nacional;Custo Médio;13/8/2019
1858;TONER HP VAZIO 05A/80A PRETO;8 - CARTUCHOS VAZIOS;23 - CARTUCHOS VAZIOS DE LASER;3 - OUTROS;84439923;UN;Acabado;Ativo;0 - Nacional;Custo Médio;19/8/2019
1861;ROLO DE PRESSAO ML 2851 4070 SANSUNG;7 - INSUMOS;21 - INSUMOS P/IMPRESSORAS LASER;3 - OUTROS;84439939;UN;Materia Prima;Ativo;0 - Nacional;Custo Médio;28/8/2019
1862;PELICULA FUSOR 1606;7 - INSUMOS;21 - INSUMOS P/IMPRESSORAS LASER;3 - OUTROS;84439939;UN;Materia Prima;Ativo;0 - Nacional;Custo Médio;28/8/2019
1863;PELICULA FUSOR 5652 / 5450/8112/8157/8952;7 - INSUMOS;21 - INSUMOS P/IMPRESSORAS LASER;3 - OUTROS;84439939;UN;Materia Prima;Ativo;0 - Nacional;Custo Médio;28/8/2019
1864;LAMPADA  HP 1505;7 - INSUMOS;21 - INSUMOS P/IMPRESSORAS LASER;3 - OUTROS;84439939;UN;Materia Prima;Ativo;0 - Nacional;Custo Médio;28/8/2019
1865;PLACA DO TERMISTOR 5450 /8112;7 - INSUMOS;21 - INSUMOS P/IMPRESSORAS LASER;3 - OUTROS;90251990;UN;Materia Prima;Ativo;0 - Nacional;Custo Médio;28/8/2019
1924;IMPRESSORA BROTHER MFCJ6935 DW COLOR;10 - IMPRESSORAS;27 - IMPRESSORA JATO DE TINTA;3 - OUTROS;84433113;UN;Acabado;Ativo;0 - Nacional;Custo Médio;7/10/2019
1925;TINTA CORANTE COMP LR HW UV BLACK;7 - INSUMOS;20 - INSUMOS P/IMPRESSORAS JATO DE TINTA;3 - OUTROS;32151100;LT;Materia Prima;Ativo;0 - Nacional;Custo Médio;9/10/2019
1926;TINTA CORANTE COMP XHW HD CYANO;7 - INSUMOS;20 - INSUMOS P/IMPRESSORAS JATO DE TINTA;3 - OUTROS;32151900;LT;Materia Prima;Ativo;0 - Nacional;Custo Médio;9/10/2019
1927;TINTA CORANTE COMP HWR HD MAGENTA;7 - INSUMOS;20 - INSUMOS P/IMPRESSORAS JATO DE TINTA;3 - OUTROS;32151900;LT;Materia Prima;Ativo;0 - Nacional;Custo Médio;9/10/2019
1928;TINTA CORANTE COMP XHW HD YELLOW;7 - INSUMOS;20 - INSUMOS P/IMPRESSORAS JATO DE TINTA;3 - OUTROS;32151900;LT;Materia Prima;Ativo;0 - Nacional;Custo Médio;9/10/2019
1930;SENSOR DE IMAGEM SCANER SANSUNG 4080;7 - INSUMOS;21 - INSUMOS P/IMPRESSORAS LASER;3 - OUTROS;84719014;UN;Acabado;Ativo;0 - Nacional;Custo Médio;10/10/2019
1931;MANGUEIRA SILICONE 8 VIAS;7 - INSUMOS;20 - INSUMOS P/IMPRESSORAS JATO DE TINTA;3 - OUTROS;39269090;M;Materia Prima;Ativo;0 - Nacional;Custo Médio;16/10/2019
1934;ALICATE BICO RETO PEGADOR DE FLET;9 - PRODUTOS P/CONSUMO INTERNO;26 - MATERIAL DE PRODUÇAO;3 - OUTROS;99999999;UN;Acabado;Ativo;0 - Nacional;Custo Médio;22/10/2019
1935;BORRIFADOR DE AGUA;9 - PRODUTOS P/CONSUMO INTERNO;25 - MATERIAL LIMPEZA E HIGIENE;3 - OUTROS;99999999;UN;Acabado;Ativo;0 - Nacional;Custo Médio;22/10/2019
1936;DUTO PARA MANGUEIRA;7 - INSUMOS;20 - INSUMOS P/IMPRESSORAS JATO DE TINTA;3 - OUTROS;39269090;UN;Acabado;Ativo;0 - Nacional;Custo Médio;22/10/2019
1946;LIMPA VIDRO;9 - PRODUTOS P/CONSUMO INTERNO;25 - MATERIAL LIMPEZA E HIGIENE;3 - OUTROS;99999999;UN;Acabado;Ativo;0 - Nacional;Custo Médio;25/10/2019
1949;CABECA DE IMPRESSAO 6230 6830 6970;7 - INSUMOS;20 - INSUMOS P/IMPRESSORAS JATO DE TINTA;3 - OUTROS;84433111;UN;Materia Prima;Ativo;0 - Nacional;Custo Médio;6/11/2019
1953;BULK DE TINTA INK 2500ML COM CAPA;7 - INSUMOS;20 - INSUMOS P/IMPRESSORAS JATO DE TINTA;3 - OUTROS;39205100;UN;Materia Prima;Ativo;0 - Nacional;Custo Médio;13/11/2019
1954;MULTIFUNCIONAL  CANON LASER IR1643IF;10 - IMPRESSORAS;28 - IMPRESSORA LASER;3 - OUTROS;84433113;UN;Acabado;Ativo;0 - Nacional;Custo Médio;13/11/2019
1956;MULTIFUNCIONAL CANON JATO DE TINTA MB2110 COLLOR;10 - IMPRESSORAS;27 - IMPRESSORA JATO DE TINTA;3 - OUTROS;84433111;UN;Semi-acabado;Ativo;0 - Nacional;Custo Médio;14/11/2019
1989;PELICULA FUSOR HP PRO 400;7 - INSUMOS;21 - INSUMOS P/IMPRESSORAS LASER;3 - OUTROS;84439939;UN;Acabado;Ativo;0 - Nacional;Custo Médio;9/12/2019
1990;ROLO PRESSOR HP PRO 400;7 - INSUMOS;21 - INSUMOS P/IMPRESSORAS LASER;3 - OUTROS;84439939;UN;Acabado;Ativo;0 - Nacional;Custo Médio;9/12/2019
1991;CABECA DE IMPRESSAO PLOTTER C1Q10A HP 711 KIT UNICO;7 - INSUMOS;20 - INSUMOS P/IMPRESSORAS JATO DE TINTA;3 - OUTROS;84439922;UN;Acabado;Ativo;0 - Nacional;Custo Médio;10/12/2019
1992;ODORIZADOR DE AMBIENTE BOM AR;9 - PRODUTOS P/CONSUMO INTERNO;25 - MATERIAL LIMPEZA E HIGIENE;3 - OUTROS;99999999;UN;Acabado;Ativo;0 - Nacional;Custo Médio;11/12/2019
2007;PICKUP ROLLER HP 1505 BORRACHA TRACIONADOR;7 - INSUMOS;20 - INSUMOS P/IMPRESSORAS JATO DE TINTA;3 - OUTROS;84439939;UN;Materia Prima;Ativo;0 - Nacional;Custo Médio;19/12/2019
2008;PICKUP ROLLER HP 3800 BORRACHA TRACIONADOR;7 - INSUMOS;20 - INSUMOS P/IMPRESSORAS JATO DE TINTA;3 - OUTROS;84439939;UN;Materia Prima;Ativo;0 - Nacional;Custo Médio;19/12/2019
2038;TINTA CANON PIG PRETO  DIAMOND CIMB 270P BK;7 - INSUMOS;20 - INSUMOS P/IMPRESSORAS JATO DE TINTA;3 - OUTROS;32151100;LT;Materia Prima;Ativo;0 - Nacional;Custo Médio;27/1/2020
2039;TINTA CANON  CIANO DIAMOND CIMB 270D C;7 - INSUMOS;20 - INSUMOS P/IMPRESSORAS JATO DE TINTA;3 - OUTROS;32151900;LT;Materia Prima;Ativo;0 - Nacional;Custo Médio;27/1/2020
2040;TINTA CANON MAGENTA DIAMOND CIMB 270D M;7 - INSUMOS;20 - INSUMOS P/IMPRESSORAS JATO DE TINTA;3 - OUTROS;32151900;LT;Materia Prima;Ativo;0 - Nacional;Custo Médio;27/1/2020
2041;TINTA CANON AMARELO DIAMOND CIMB 270D Y;7 - INSUMOS;20 - INSUMOS P/IMPRESSORAS JATO DE TINTA;3 - OUTROS;32151900;LT;Materia Prima;Ativo;0 - Nacional;Custo Médio;27/1/2020
2042;TINTA HP PRETO PIG DIAMOND HIMB 800BK;7 - INSUMOS;20 - INSUMOS P/IMPRESSORAS JATO DE TINTA;3 - OUTROS;32151100;LT;Materia Prima;Ativo;0 - Nacional;Custo Médio;27/1/2020
2043;TINTA HP CIANO DIAMOND HIMB 800C C;7 - INSUMOS;20 - INSUMOS P/IMPRESSORAS JATO DE TINTA;3 - OUTROS;32151900;LT;Materia Prima;Ativo;0 - Nacional;Custo Médio;27/1/2020
2044;TINTA HP MAGENTA DIAMOND HIMB 800C M;7 - INSUMOS;20 - INSUMOS P/IMPRESSORAS JATO DE TINTA;3 - OUTROS;32151900;LT;Materia Prima;Ativo;0 - Nacional;Custo Médio;27/1/2020
2045;TINTA HP AMARELO DIAMOND HIMB 800C Y;7 - INSUMOS;20 - INSUMOS P/IMPRESSORAS JATO DE TINTA;3 - OUTROS;32151900;LT;Materia Prima;Ativo;0 - Nacional;Custo Médio;27/1/2020
2081;ROLO DE PRESSAO BROTHER 5652;7 - INSUMOS;21 - INSUMOS P/IMPRESSORAS LASER;3 - OUTROS;84439939;UN;Acabado;Ativo;0 - Nacional;Custo Médio;26/2/2020
2082;AUTOTRANSFORMADOR 110/220V 750VA;7 - INSUMOS;21 - INSUMOS P/IMPRESSORAS LASER;3 - OUTROS;85043111;UN;Acabado;Ativo;0 - Nacional;Custo Médio;26/2/2020
2083;AUTOTRANSFORMADOR 110/220V 1000VA;7 - INSUMOS;21 - INSUMOS P/IMPRESSORAS LASER;3 - OUTROS;85043111;UN;Acabado;Ativo;0 - Nacional;Custo Médio;26/2/2020
2084;AUTOTRANSFORMADOR 110/220V 1010VA;7 - INSUMOS;21 - INSUMOS P/IMPRESSORAS LASER;3 - OUTROS;85043111;UN;Acabado;Ativo;0 - Nacional;Custo Médio;26/2/2020
2085;AUTOTRANSFORMADOR 110/220V 1050VA;7 - INSUMOS;21 - INSUMOS P/IMPRESSORAS LASER;3 - OUTROS;85043111;UN;Acabado;Ativo;0 - Nacional;Custo Médio;26/2/2020
2086;AUTOTRANSFORMADOR 110/220V 2000VA;7 - INSUMOS;21 - INSUMOS P/IMPRESSORAS LASER;3 - OUTROS;85043111;UN;Acabado;Ativo;0 - Nacional;Custo Médio;26/2/2020
2087;AUTOTRANSFORMADOR 110/220V 3000VA;7 - INSUMOS;21 - INSUMOS P/IMPRESSORAS LASER;3 - OUTROS;85043111;UN;Acabado;Ativo;0 - Nacional;Custo Médio;26/2/2020
2088;CONECTOR RJ 45;7 - INSUMOS;21 - INSUMOS P/IMPRESSORAS LASER;3 - OUTROS;85177099;UN;Acabado;Ativo;0 - Nacional;Custo Médio;27/2/2020
2089;CABO DE REDE;7 - INSUMOS;21 - INSUMOS P/IMPRESSORAS LASER;3 - OUTROS;85444900;M;Acabado;Ativo;0 - Nacional;Custo Médio;27/2/2020
2091;TINTA HP PRETO CORANTE DIAMOND PRO 800BK;7 - INSUMOS;20 - INSUMOS P/IMPRESSORAS JATO DE TINTA;3 - OUTROS;32151100;LT;Materia Prima;Ativo;0 - Nacional;Custo Médio;2/3/2020
2092;BROCA DE ACO 3.5;9 - PRODUTOS P/CONSUMO INTERNO;26 - MATERIAL DE PRODUÇAO;3 - OUTROS;99999999;UN;Acabado;Ativo;0 - Nacional;Custo Médio;3/3/2020
2094;TAMPAO PARA CARTUCHO;7 - INSUMOS;20 - INSUMOS P/IMPRESSORAS JATO DE TINTA;3 - OUTROS;39269090;UN;Materia Prima;Ativo;0 - Nacional;Custo Médio;5/3/2020
2095;DISCO DE PLASTICO 38MM;9 - PRODUTOS P/CONSUMO INTERNO;26 - MATERIAL DE PRODUÇAO;3 - OUTROS;99999999;UN;Acabado;Ativo;0 - Nacional;Custo Médio;5/3/2020
2096;SCANNER FUJITSU SCANPARTNER SP1120 A4 DUPLEX 20PPM COLOR;10 - IMPRESSORAS;28 - IMPRESSORA LASER;3 - OUTROS;84719014;UN;Acabado;Ativo;0 - Nacional;Custo Médio;5/3/2020
2111;MASCARA DESCARTAVEL;9 - PRODUTOS P/CONSUMO INTERNO;25 - MATERIAL LIMPEZA E HIGIENE;3 - OUTROS;99999999;UN;Acabado;Ativo;0 - Nacional;Custo Médio;23/4/2020
2113;UNIDADE FUSAO MODELO ANTIGO 110;7 - INSUMOS;21 - INSUMOS P/IMPRESSORAS LASER;3 - OUTROS;84834090;UN;Semi-acabado;Ativo;0 - Nacional;Custo Médio;27/4/2020
2114;CHAVE TORK 10;9 - PRODUTOS P/CONSUMO INTERNO;26 - MATERIAL DE PRODUÇAO;3 - OUTROS;82054000;UN;Acabado;Ativo;0 - Nacional;Custo Médio;27/4/2020
2115;CHAVE PHILIPS  8  200MM;9 - PRODUTOS P/CONSUMO INTERNO;26 - MATERIAL DE PRODUÇAO;3 - OUTROS;82054000;UN;Acabado;Ativo;0 - Nacional;Custo Médio;27/4/2020
2122;TINTA CANON CORANTE PRETO CIMB 276D BK;7 - INSUMOS;20 - INSUMOS P/IMPRESSORAS JATO DE TINTA;3 - OUTROS;32151100;LT;Acabado;Ativo;0 - Nacional;Custo Médio;11/5/2020
2129;TINTA AUPICOR PRETA;7 - INSUMOS;20 - INSUMOS P/IMPRESSORAS JATO DE TINTA;3 - OUTROS;32151100;LT;Materia Prima;Ativo;0 - Nacional;Custo Médio;20/5/2020
2139;PLASTICO BOLHA 1.20 X 100  10MM;9 - PRODUTOS P/CONSUMO INTERNO;24 - MATERIAL DE EXPEDIENTE;3 - OUTROS;99999999;M;Acabado;Ativo;0 - Nacional;Custo Médio;29/5/2020
2158;CHAVE PHILIPS 75MM;9 - PRODUTOS P/CONSUMO INTERNO;26 - MATERIAL DE PRODUÇAO;3 - OUTROS;82054000;UN;Acabado;Ativo;0 - Nacional;Custo Médio;15/6/2020
2159;REPARADOR DE PLASTICO WURTH 190G;9 - PRODUTOS P/CONSUMO INTERNO;26 - MATERIAL DE PRODUÇAO;3 - OUTROS;35061090;UN;Acabado;Ativo;0 - Nacional;Custo Médio;15/6/2020
2160;SERRA COPO;9 - PRODUTOS P/CONSUMO INTERNO;26 - MATERIAL DE PRODUÇAO;3 - OUTROS;82023100;UN;Acabado;Ativo;0 - Nacional;Custo Médio;15/6/2020
2179;MULTIFUNCIONAL EPSON  JATO DE TINTA WF  C5790  COLOR;10 - IMPRESSORAS;27 - IMPRESSORA JATO DE TINTA;3 - OUTROS;84433111;UN;Acabado;Ativo;0 - Nacional;Custo Médio;29/6/2020
2180;CAPACITOR 330V / 220V  5652;7 - INSUMOS;21 - INSUMOS P/IMPRESSORAS LASER;3 - OUTROS;85334011;UN;Acabado;Ativo;0 - Nacional;Custo Médio;30/6/2020
2181;CAPA KIT BULK INK;7 - INSUMOS;20 - INSUMOS P/IMPRESSORAS JATO DE TINTA;3 - OUTROS;39205100;UN;Acabado;Ativo;0 - Nacional;Custo Médio;2/7/2020
2182;ENGRENAGEM DO BALANCIM M401 425;10 - IMPRESSORAS;28 - IMPRESSORA LASER;3 - OUTROS;39071099;UN;Acabado;Ativo;0 - Nacional;Custo Médio;13/7/2020
2187;UNIDADE FUSAO 4070 JC91 01023A;7 - INSUMOS;21 - INSUMOS P/IMPRESSORAS LASER;3 - OUTROS;84439939;UN;Acabado;Ativo;0 - Nacional;Custo Médio;15/7/2020
2243;LAPISEIRA;9 - PRODUTOS P/CONSUMO INTERNO;24 - MATERIAL DE EXPEDIENTE;3 - OUTROS;99999999;UN;Acabado;Ativo;0 - Nacional;Custo Médio;21/7/2020
2244;TAMPA PEQUENA PRESSAO NEGATIVA PARA BULK;7 - INSUMOS;20 - INSUMOS P/IMPRESSORAS JATO DE TINTA;3 - OUTROS;39269090;UN;Acabado;Ativo;0 - Nacional;Custo Médio;23/7/2020
2245;TAMPA GRANDE PRESSAO NEGATIVA PARA BULK;7 - INSUMOS;20 - INSUMOS P/IMPRESSORAS JATO DE TINTA;3 - OUTROS;39269090;UN;Acabado;Ativo;0 - Nacional;Custo Médio;23/7/2020
2268;TINTA EPSON CORANTE PRETO;7 - INSUMOS;20 - INSUMOS P/IMPRESSORAS JATO DE TINTA;3 - OUTROS;32151100;LT;Materia Prima;Ativo;0 - Nacional;Custo Médio;19/8/2020
2269;TINTA EPSON CORANTE CIANO;7 - INSUMOS;20 - INSUMOS P/IMPRESSORAS JATO DE TINTA;3 - OUTROS;32151900;LT;Materia Prima;Ativo;0 - Nacional;Custo Médio;19/8/2020
2270;TINTA EPSON CORANTE MAGENTA;7 - INSUMOS;20 - INSUMOS P/IMPRESSORAS JATO DE TINTA;3 - OUTROS;32151900;LT;Materia Prima;Ativo;0 - Nacional;Custo Médio;19/8/2020
2271;TINTA EPSON CORANTE AMARELO;7 - INSUMOS;20 - INSUMOS P/IMPRESSORAS JATO DE TINTA;3 - OUTROS;32151900;LT;Materia Prima;Ativo;0 - Nacional;Custo Médio;19/8/2020
2285;PANO PARA LIMPEZA DE PISO;9 - PRODUTOS P/CONSUMO INTERNO;25 - MATERIAL LIMPEZA E HIGIENE;3 - OUTROS;99999999;UN;Acabado;Ativo;0 - Nacional;Custo Médio;28/8/2020
2289;RESETER CAIXA DE MANUTENCAO IMPRESSORA WF5710/5790;7 - INSUMOS;20 - INSUMOS P/IMPRESSORAS JATO DE TINTA;3 - OUTROS;84439923;UN;Acabado;Ativo;0 - Nacional;Custo Médio;3/9/2020
